customerid,lasttouch,leadscore,city,nps_score,clv
C00001,2024-09-04 23:14:55,20,Riyadh,37,1731.89
C00002,2024-09-23 23:14:55,56,Jeddah,93,13308.21
C00003,2025-02-09 23:14:55,41,Khobar,44,3746.78
C00004,2025-07-21 23:14:55,70,Riyadh,92,10070.74
C00005,2025-05-07 23:14:55,28,Riyadh,76,14650.07
C00006,2024-11-14 23:14:55,15,Medina,32,7030.81
C00007,2025-08-31 23:14:55,58,Jeddah,99,9668.76
C00008,2024-09-25 23:14:55,52,Medina,49,13622.79
C00009,2025-01-17 23:14:55,17,Medina,35,9011.41
C00010,2025-05-16 23:14:55,58,Jeddah,49,9068.33
C00011,2024-09-01 23:14:55,88,Dammam,86,12104.99
C00012,2024-09-25 23:14:55,62,Riyadh,63,13793.13
C00013,2025-05-04 23:14:55,91,Dammam,47,6149.26
C00014,2025-02-05 23:14:55,33,Dammam,92,5746.43
C00015,2024-09-21 23:14:55,83,Medina,27,5205.31
C00016,2024-09-11 23:14:55,53,Riyadh,43,1165.82
C00017,2025-08-24 23:14:55,84,Medina,41,5963.59
C00018,2025-07-12 23:14:55,33,Medina,60,8078.94
C00019,2025-04-26 23:14:55,11,Riyadh,57,12004.45
C00020,2025-02-13 23:14:55,17,Riyadh,84,14583.68
C00021,2025-05-10 23:14:55,13,Mecca,76,3741.44
C00022,2025-04-24 23:14:55,63,Dammam,26,280.04
C00023,2025-01-07 23:14:55,84,Jeddah,78,10591.91
C00024,2025-08-14 23:14:55,91,Khobar,80,11843.37
C00025,2025-02-02 23:14:55,76,Khobar,64,11387.15
C00026,2025-04-28 23:14:55,43,Jeddah,96,10378.61
C00027,2025-04-06 23:14:55,53,Khobar,93,3500.86
C00028,2025-05-07 23:14:55,78,Khobar,84,5746.76
C00029,2025-04-03 23:14:55,49,Jeddah,72,8220.71
C00030,2025-09-11 23:14:55,26,Mecca,42,14270.46
C00031,2024-10-08 23:14:55,88,Medina,76,6357.79
C00032,2025-02-26 23:14:55,56,Jeddah,45,1079.43
C00033,2024-09-06 23:14:55,73,Khobar,67,10334.11
C00034,2024-11-02 23:14:55,53,Jeddah,92,6312.84
C00035,2024-09-27 23:14:55,95,Medina,100,7129.95
C00036,2025-07-10 23:14:55,37,Mecca,49,4543.02
C00037,2024-10-11 23:14:55,25,Dammam,39,8208.62
C00038,2025-05-13 23:14:55,46,Medina,50,9570.11
C00039,2025-01-16 23:14:55,12,Riyadh,50,6946.04
C00040,2025-06-10 23:14:55,60,Khobar,98,12151.95
C00041,2024-12-25 23:14:55,57,Mecca,81,5376.65
C00042,2024-11-12 23:14:55,18,Medina,68,9660.47
C00043,2025-07-22 23:14:55,34,Riyadh,99,3980.17
C00044,2024-12-05 23:14:55,87,Khobar,49,3565.16
C00045,2025-01-09 23:14:55,60,Khobar,70,14027.63
C00046,2025-07-30 23:14:55,58,Mecca,47,9357.66
C00047,2025-04-23 23:14:55,77,Khobar,33,11814.37
C00048,2025-01-22 23:14:55,29,Medina,39,5105.12
C00049,2025-06-16 23:14:55,51,Riyadh,81,4608.44
C00050,2025-07-15 23:14:55,54,Khobar,46,2734.89
C00051,2025-02-04 23:14:55,91,Jeddah,26,9572.36
C00052,2025-05-20 23:14:55,87,Medina,85,1661.32
C00053,2024-12-19 23:14:55,10,Riyadh,87,4995.98
C00054,2025-04-27 23:14:55,32,Riyadh,24,11620.76
C00055,2025-09-12 23:14:55,88,Dammam,100,9102.93
C00056,2025-05-09 23:14:55,88,Medina,100,12942.02
C00057,2025-08-17 23:14:55,17,Khobar,82,8238.31
C00058,2024-08-28 23:14:55,43,Medina,93,11524.34
C00059,2025-05-27 23:14:55,53,Khobar,20,6049.0
C00060,2025-01-07 23:14:55,68,Jeddah,43,14100.17
C00061,2024-12-26 23:14:55,27,Mecca,24,6866.83
C00062,2025-08-07 23:14:55,24,Khobar,50,4534.18
C00063,2024-08-13 23:14:55,65,Dammam,63,14709.74
C00064,2024-11-15 23:14:55,63,Khobar,91,1730.82
C00065,2025-05-12 23:14:55,33,Mecca,27,2103.64
C00066,2025-05-04 23:14:55,10,Riyadh,32,7327.55
C00067,2024-10-01 23:14:55,30,Medina,91,1289.13
C00068,2024-11-04 23:14:55,98,Riyadh,100,13721.5
C00069,2024-08-21 23:14:55,99,Riyadh,59,3175.11
C00070,2025-08-11 23:14:55,28,Dammam,53,9531.96
C00071,2025-01-06 23:14:55,42,Dammam,21,10512.41
C00072,2024-11-01 23:14:55,46,Medina,20,14766.59
C00073,2025-05-12 23:14:55,67,Medina,90,1559.37
C00074,2025-04-21 23:14:55,18,Mecca,34,8778.37
C00075,2024-12-17 23:14:55,69,Khobar,48,6319.6
C00076,2025-08-19 23:14:55,62,Mecca,49,4002.21
C00077,2025-03-07 23:14:55,20,Khobar,45,594.53
C00078,2025-03-19 23:14:55,69,Riyadh,43,3533.44
C00079,2025-03-06 23:14:55,36,Riyadh,43,6810.27
C00080,2024-11-28 23:14:55,24,Medina,84,2598.39
C00081,2025-05-24 23:14:55,25,Jeddah,72,7319.28
C00082,2025-02-11 23:14:55,27,Riyadh,96,13189.24
C00083,2025-02-13 23:14:55,99,Riyadh,90,1029.02
C00084,2025-01-17 23:14:55,52,Riyadh,59,8358.52
C00085,2025-07-28 23:14:55,46,Jeddah,57,12267.0
C00086,2024-10-16 23:14:55,41,Jeddah,48,5193.89
C00087,2025-06-26 23:14:55,95,Jeddah,32,4761.6
C00088,2025-08-19 23:14:55,28,Dammam,47,10086.72
C00089,2025-06-19 23:14:55,48,Dammam,83,4634.05
C00090,2025-02-23 23:14:55,77,Khobar,81,14558.88
C00091,2025-07-08 23:14:55,73,Jeddah,30,8285.25
C00092,2025-03-16 23:14:55,19,Medina,49,7033.19
C00093,2025-05-30 23:14:55,99,Khobar,64,10671.55
C00094,2024-09-01 23:14:55,84,Medina,77,13321.31
C00095,2024-11-11 23:14:55,68,Jeddah,89,14751.36
C00096,2025-09-05 23:14:55,81,Riyadh,83,7617.94
C00097,2025-04-18 23:14:55,22,Medina,78,7704.67
C00098,2025-02-11 23:14:55,70,Mecca,99,9760.24
C00099,2025-05-22 23:14:55,88,Jeddah,47,6558.79
C00100,2025-05-24 23:14:55,83,Medina,58,11086.56
C00101,2024-11-13 23:14:55,85,Medina,62,12160.89
C00102,2025-06-11 23:14:55,13,Dammam,36,817.82
C00103,2025-04-04 23:14:55,30,Dammam,35,973.94
C00104,2024-12-11 23:14:55,22,Jeddah,35,12473.79
C00105,2025-05-04 23:14:55,63,Mecca,87,9503.46
C00106,2025-05-12 23:14:55,78,Riyadh,95,10911.28
C00107,2025-05-20 23:14:55,41,Riyadh,29,3214.21
C00108,2025-02-05 23:14:55,35,Medina,56,8643.45
C00109,2025-05-26 23:14:55,51,Riyadh,37,11177.46
C00110,2024-11-07 23:14:55,35,Dammam,82,11229.53
C00111,2025-07-18 23:14:55,15,Khobar,55,1536.88
C00112,2025-02-22 23:14:55,33,Medina,91,13778.5
C00113,2024-09-19 23:14:55,23,Dammam,20,3787.26
C00114,2025-09-10 23:14:55,19,Jeddah,72,4151.98
C00115,2025-08-23 23:14:55,44,Khobar,23,3455.74
C00116,2024-11-03 23:14:55,99,Dammam,79,11316.28
C00117,2024-10-12 23:14:55,61,Dammam,36,1774.88
C00118,2024-12-17 23:14:55,81,Dammam,22,6579.22
C00119,2025-08-26 23:14:55,45,Riyadh,51,12649.2
C00120,2024-12-30 23:14:55,85,Dammam,30,1661.74
C00121,2024-10-17 23:14:55,75,Jeddah,38,1095.47
C00122,2024-11-22 23:14:55,24,Jeddah,41,51.19
C00123,2025-06-30 23:14:55,42,Khobar,56,1002.67
C00124,2025-04-05 23:14:55,12,Riyadh,28,10041.13
C00125,2025-02-12 23:14:55,63,Jeddah,57,14655.91
C00126,2025-08-04 23:14:55,53,Medina,22,9098.41
C00127,2025-03-09 23:14:55,73,Jeddah,62,5818.29
C00128,2025-07-31 23:14:55,19,Riyadh,49,3827.84
C00129,2025-08-05 23:14:55,53,Khobar,48,12508.67
C00130,2024-11-10 23:14:55,38,Dammam,32,3924.92
C00131,2025-05-18 23:14:55,87,Medina,37,13424.62
C00132,2024-12-23 23:14:55,92,Jeddah,39,11695.47
C00133,2025-05-30 23:14:55,56,Mecca,98,12755.66
C00134,2025-05-12 23:14:55,45,Mecca,81,12398.02
C00135,2025-06-20 23:14:55,64,Dammam,41,10968.74
C00136,2025-01-29 23:14:55,23,Riyadh,96,11454.13
C00137,2025-05-17 23:14:55,83,Mecca,32,6338.12
C00138,2025-06-20 23:14:55,66,Dammam,76,12864.92
C00139,2025-06-04 23:14:55,10,Jeddah,89,7157.08
C00140,2025-07-06 23:14:55,96,Mecca,52,13169.1
C00141,2025-05-17 23:14:55,60,Dammam,56,7899.12
C00142,2025-08-24 23:14:55,11,Mecca,41,9985.35
C00143,2025-03-16 23:14:55,94,Dammam,56,187.63
C00144,2024-09-15 23:14:55,44,Dammam,100,14321.72
C00145,2025-03-02 23:14:55,95,Riyadh,78,6365.99
C00146,2025-08-11 23:14:55,72,Dammam,38,7287.76
C00147,2025-01-01 23:14:55,100,Mecca,60,11342.94
C00148,2025-06-25 23:14:55,83,Riyadh,34,14794.2
C00149,2025-06-01 23:14:55,91,Jeddah,69,4901.04
C00150,2025-03-27 23:14:55,65,Mecca,57,3914.67
C00151,2025-05-03 23:14:55,85,Khobar,45,115.96
C00152,2025-08-07 23:14:55,57,Jeddah,98,67.28
C00153,2024-12-01 23:14:55,33,Khobar,52,14239.77
C00154,2025-05-15 23:14:55,16,Dammam,94,2504.33
C00155,2024-10-04 23:14:55,74,Khobar,48,11742.85
C00156,2025-06-02 23:14:55,59,Dammam,54,14456.36
C00157,2025-03-08 23:14:55,59,Mecca,74,3045.71
C00158,2024-11-14 23:14:55,93,Jeddah,25,5714.01
C00159,2024-11-25 23:14:55,50,Mecca,90,843.42
C00160,2024-08-26 23:14:55,46,Medina,98,4097.8
C00161,2025-02-25 23:14:55,62,Medina,58,4703.89
C00162,2025-03-09 23:14:55,18,Dammam,62,6973.0
C00163,2025-01-08 23:14:55,94,Medina,93,2325.48
C00164,2025-05-18 23:14:55,16,Mecca,21,14776.54
C00165,2024-12-18 23:14:55,74,Medina,45,14102.47
C00166,2025-04-24 23:14:55,83,Khobar,36,13682.2
C00167,2025-04-30 23:14:55,47,Khobar,62,4952.88
C00168,2025-08-23 23:14:55,70,Riyadh,59,12626.54
C00169,2025-06-18 23:14:55,89,Khobar,85,2166.99
C00170,2024-12-09 23:14:55,12,Jeddah,45,10692.16
C00171,2024-11-20 23:14:55,97,Mecca,55,4056.56
C00172,2025-08-18 23:14:55,11,Mecca,28,104.89
C00173,2025-03-29 23:14:55,65,Medina,87,14876.86
C00174,2024-11-22 23:14:55,71,Mecca,80,8977.87
C00175,2025-05-22 23:14:55,65,Jeddah,52,13563.8
C00176,2024-11-06 23:14:55,58,Riyadh,58,4556.99
C00177,2024-10-06 23:14:55,29,Jeddah,34,12360.15
C00178,2024-11-19 23:14:55,62,Medina,86,9123.38
C00179,2025-06-19 23:14:55,98,Jeddah,84,6515.26
C00180,2025-01-07 23:14:55,84,Mecca,78,14403.42
C00181,2024-11-20 23:14:55,39,Khobar,57,7525.27
C00182,2025-04-03 23:14:55,89,Medina,75,14515.27
C00183,2025-06-09 23:14:55,56,Medina,80,1922.38
C00184,2024-10-08 23:14:55,35,Mecca,30,4772.14
C00185,2024-08-13 23:14:55,96,Mecca,71,548.32
C00186,2024-09-26 23:14:55,68,Mecca,95,4321.7
C00187,2025-08-09 23:14:55,50,Khobar,78,4818.72
C00188,2025-07-14 23:14:55,13,Mecca,24,1206.17
C00189,2025-03-09 23:14:55,49,Mecca,59,6918.83
C00190,2025-08-12 23:14:55,32,Jeddah,53,14775.69
C00191,2025-01-05 23:14:55,40,Medina,81,10194.06
C00192,2024-09-22 23:14:55,79,Jeddah,54,7689.64
C00193,2025-08-25 23:14:55,100,Khobar,27,2242.9
C00194,2025-09-11 23:14:55,97,Mecca,48,2562.81
C00195,2024-12-22 23:14:55,73,Mecca,26,6655.22
C00196,2024-12-20 23:14:55,83,Mecca,69,10731.15
C00197,2025-01-11 23:14:55,77,Khobar,50,11968.87
C00198,2024-10-09 23:14:55,27,Mecca,67,9997.59
C00199,2024-11-11 23:14:55,100,Dammam,33,11812.5
C00200,2024-09-10 23:14:55,56,Medina,77,3479.68
C00201,2025-06-14 23:14:55,28,Medina,43,3675.17
C00202,2025-07-06 23:14:55,61,Jeddah,24,1397.02
C00203,2025-03-14 23:14:55,46,Riyadh,38,5930.14
C00204,2024-09-06 23:14:55,100,Khobar,87,7833.11
C00205,2025-05-31 23:14:55,31,Mecca,27,13710.59
C00206,2024-11-03 23:14:55,83,Medina,100,1246.24
C00207,2025-04-27 23:14:55,29,Medina,46,4697.51
C00208,2025-06-09 23:14:55,93,Riyadh,99,9741.08
C00209,2025-08-25 23:14:55,63,Mecca,30,10569.81
C00210,2025-04-28 23:14:55,52,Mecca,71,10445.5
C00211,2025-01-09 23:14:55,28,Dammam,76,7689.65
C00212,2025-01-11 23:14:55,35,Dammam,22,2050.3
C00213,2024-09-12 23:14:55,36,Dammam,95,12415.23
C00214,2024-12-02 23:14:55,47,Riyadh,81,10474.63
C00215,2025-08-04 23:14:55,44,Dammam,70,7088.3
C00216,2025-05-31 23:14:55,92,Khobar,95,10906.05
C00217,2025-08-20 23:14:55,89,Jeddah,39,1875.59
C00218,2024-08-27 23:14:55,66,Medina,25,1732.51
C00219,2025-05-28 23:14:55,30,Mecca,82,3970.6
C00220,2025-06-06 23:14:55,24,Jeddah,75,8875.2
C00221,2024-10-21 23:14:55,71,Dammam,54,3664.39
C00222,2025-08-01 23:14:55,78,Khobar,87,1699.74
C00223,2024-08-20 23:14:55,56,Dammam,100,6728.68
C00224,2025-02-06 23:14:55,96,Dammam,67,14626.73
C00225,2025-03-06 23:14:55,17,Mecca,38,1496.58
C00226,2025-02-20 23:14:55,43,Riyadh,63,9142.27
C00227,2025-07-04 23:14:55,21,Jeddah,93,4577.53
C00228,2025-03-11 23:14:55,20,Khobar,80,6152.69
C00229,2025-05-11 23:14:55,75,Medina,72,1371.36
C00230,2024-10-14 23:14:55,88,Medina,23,8252.44
C00231,2025-04-12 23:14:55,11,Riyadh,100,11943.07
C00232,2025-08-13 23:14:55,34,Riyadh,38,14653.35
C00233,2025-05-23 23:14:55,57,Riyadh,61,4983.61
C00234,2024-11-08 23:14:55,56,Khobar,45,8982.13
C00235,2025-06-13 23:14:55,11,Khobar,61,12251.2
C00236,2025-09-05 23:14:55,10,Khobar,73,10643.35
C00237,2025-04-16 23:14:55,27,Dammam,20,9113.62
C00238,2025-07-03 23:14:55,56,Mecca,92,7402.56
C00239,2025-05-10 23:14:55,89,Dammam,73,6984.02
C00240,2025-08-20 23:14:55,67,Riyadh,31,688.32
C00241,2024-09-17 23:14:55,12,Jeddah,32,11160.62
C00242,2025-08-01 23:14:55,100,Medina,49,9485.15
C00243,2025-09-11 23:14:55,38,Riyadh,37,2475.11
C00244,2024-10-07 23:14:55,30,Jeddah,51,5354.41
C00245,2025-04-10 23:14:55,38,Dammam,45,10335.83
C00246,2024-09-09 23:14:55,43,Khobar,60,3156.05
C00247,2025-02-05 23:14:55,99,Riyadh,62,6016.71
C00248,2025-07-05 23:14:55,59,Riyadh,80,10586.49
C00249,2025-07-24 23:14:55,32,Mecca,30,12737.05
C00250,2025-05-24 23:14:55,75,Khobar,41,3800.94
C00251,2024-11-19 23:14:55,58,Mecca,43,2556.91
C00252,2025-05-20 23:14:55,89,Riyadh,82,2189.48
C00253,2024-09-25 23:14:55,78,Khobar,53,3305.78
C00254,2025-02-07 23:14:55,99,Medina,26,8979.41
C00255,2024-11-16 23:14:55,58,Medina,26,11941.96
C00256,2024-11-19 23:14:55,34,Dammam,94,12999.89
C00257,2025-09-11 23:14:55,54,Dammam,32,5330.3
C00258,2025-08-29 23:14:55,68,Riyadh,28,9432.95
C00259,2025-08-14 23:14:55,77,Riyadh,29,6212.99
C00260,2025-03-08 23:14:55,35,Jeddah,63,8646.48
C00261,2024-10-10 23:14:55,78,Dammam,66,10978.28
C00262,2025-08-12 23:14:55,56,Medina,45,9399.29
C00263,2025-06-26 23:14:55,17,Jeddah,98,2601.2
C00264,2025-05-20 23:14:55,93,Jeddah,67,3602.05
C00265,2025-06-28 23:14:55,93,Medina,55,9609.92
C00266,2025-03-28 23:14:55,11,Riyadh,30,4822.64
C00267,2025-06-18 23:14:55,97,Jeddah,88,14423.67
C00268,2025-08-17 23:14:55,63,Riyadh,53,12556.8
C00269,2025-02-16 23:14:55,25,Dammam,100,4739.98
C00270,2024-10-12 23:14:55,68,Dammam,95,8749.73
C00271,2024-10-02 23:14:55,33,Dammam,54,6072.93
C00272,2024-10-30 23:14:55,93,Riyadh,71,10336.5
C00273,2024-11-08 23:14:55,31,Mecca,86,13799.38
C00274,2025-02-04 23:14:55,35,Khobar,87,9287.92
C00275,2024-11-29 23:14:55,83,Medina,72,7658.78
C00276,2025-07-23 23:14:55,33,Jeddah,73,5688.98
C00277,2024-09-09 23:14:55,88,Medina,44,12483.76
C00278,2025-08-27 23:14:55,50,Jeddah,59,6718.71
C00279,2025-04-23 23:14:55,31,Mecca,56,9290.68
C00280,2025-04-09 23:14:55,28,Medina,91,2715.88
C00281,2024-12-11 23:14:55,21,Medina,85,13373.25
C00282,2025-06-26 23:14:55,53,Khobar,66,1281.49
C00283,2025-06-24 23:14:55,58,Khobar,70,11874.94
C00284,2024-09-04 23:14:55,86,Riyadh,28,7291.09
C00285,2024-12-13 23:14:55,33,Medina,76,2400.46
C00286,2025-01-22 23:14:55,33,Mecca,34,3625.16
C00287,2024-11-02 23:14:55,98,Mecca,22,8375.5
C00288,2025-02-06 23:14:55,12,Dammam,41,14809.45
C00289,2024-11-17 23:14:55,61,Mecca,49,1157.85
C00290,2025-03-15 23:14:55,16,Dammam,34,10693.07
C00291,2025-04-26 23:14:55,17,Medina,57,14694.1
C00292,2025-09-08 23:14:55,96,Mecca,46,4715.89
C00293,2025-07-26 23:14:55,71,Khobar,73,110.37
C00294,2024-10-04 23:14:55,88,Jeddah,82,1756.75
C00295,2025-01-01 23:14:55,71,Dammam,81,12649.98
C00296,2025-05-26 23:14:55,76,Dammam,68,4500.06
C00297,2025-05-02 23:14:55,69,Khobar,23,4112.15
C00298,2025-06-28 23:14:55,15,Dammam,89,14180.07
C00299,2025-02-09 23:14:55,61,Mecca,58,7429.57
C00300,2024-12-16 23:14:55,63,Mecca,44,5488.87
C00301,2024-11-14 23:14:55,97,Dammam,54,3776.5
C00302,2024-09-19 23:14:55,99,Khobar,29,11944.67
C00303,2025-07-09 23:14:55,59,Medina,97,4548.82
C00304,2025-03-31 23:14:55,41,Dammam,61,3808.5
C00305,2025-06-04 23:14:55,25,Mecca,84,7092.48
C00306,2025-09-07 23:14:55,92,Dammam,64,11299.96
C00307,2024-10-31 23:14:55,80,Mecca,40,13583.86
C00308,2025-08-11 23:14:55,62,Riyadh,37,10864.18
C00309,2024-10-31 23:14:55,38,Dammam,42,12943.55
C00310,2025-04-26 23:14:55,11,Jeddah,86,12598.44
C00311,2025-04-16 23:14:55,91,Mecca,22,13347.68
C00312,2025-01-02 23:14:55,47,Medina,93,3025.33
C00313,2025-05-12 23:14:55,43,Dammam,30,6135.88
C00314,2025-05-12 23:14:55,28,Mecca,61,9715.72
C00315,2025-07-07 23:14:55,75,Khobar,83,4180.59
C00316,2025-08-31 23:14:55,27,Mecca,92,1729.23
C00317,2025-06-05 23:14:55,36,Dammam,37,2320.13
C00318,2025-02-09 23:14:55,12,Khobar,46,8814.86
C00319,2025-06-13 23:14:55,25,Jeddah,92,1596.54
C00320,2025-02-15 23:14:55,51,Dammam,84,11316.22
C00321,2025-02-27 23:14:55,43,Mecca,47,13594.32
C00322,2024-12-25 23:14:55,57,Medina,62,11117.37
C00323,2025-07-04 23:14:55,88,Jeddah,94,7630.19
C00324,2025-02-19 23:14:55,99,Medina,50,12829.19
C00325,2024-12-23 23:14:55,97,Riyadh,23,4878.21
C00326,2025-05-11 23:14:55,11,Khobar,98,6799.52
C00327,2024-11-18 23:14:55,13,Khobar,57,14079.25
C00328,2025-06-03 23:14:55,50,Dammam,22,7494.23
C00329,2025-05-17 23:14:55,23,Mecca,90,12352.21
C00330,2025-03-25 23:14:55,89,Jeddah,50,12914.46
C00331,2025-01-21 23:14:55,56,Medina,50,3310.04
C00332,2024-11-13 23:14:55,95,Riyadh,52,9575.5
C00333,2024-11-26 23:14:55,50,Dammam,51,14960.2
C00334,2025-06-07 23:14:55,31,Dammam,54,10206.57
C00335,2024-08-31 23:14:55,41,Khobar,45,12777.97
C00336,2025-03-30 23:14:55,12,Medina,70,8659.19
C00337,2024-12-18 23:14:55,47,Jeddah,58,3686.42
C00338,2024-09-04 23:14:55,76,Dammam,99,349.8
C00339,2025-04-01 23:14:55,44,Mecca,83,11229.71
C00340,2024-10-09 23:14:55,32,Jeddah,80,14626.92
C00341,2025-09-11 23:14:55,60,Medina,68,3804.23
C00342,2025-04-08 23:14:55,80,Riyadh,66,14849.28
C00343,2025-02-17 23:14:55,71,Khobar,90,10360.6
C00344,2025-03-05 23:14:55,75,Mecca,96,2601.3
C00345,2024-08-26 23:14:55,74,Jeddah,65,10743.4
C00346,2025-07-19 23:14:55,28,Jeddah,81,11511.07
C00347,2025-08-17 23:14:55,22,Dammam,33,7935.39
C00348,2025-06-01 23:14:55,63,Riyadh,27,5961.5
C00349,2025-05-21 23:14:55,73,Riyadh,21,11806.06
C00350,2024-10-13 23:14:55,51,Khobar,63,4651.8
C00351,2025-02-16 23:14:55,100,Mecca,63,1603.68
C00352,2025-04-27 23:14:55,90,Dammam,31,12562.18
C00353,2025-06-15 23:14:55,38,Khobar,88,6300.03
C00354,2025-04-10 23:14:55,50,Khobar,22,9137.27
C00355,2025-07-12 23:14:55,38,Dammam,91,2593.44
C00356,2025-03-16 23:14:55,75,Medina,28,4045.63
C00357,2025-08-27 23:14:55,20,Jeddah,21,14623.16
C00358,2024-10-05 23:14:55,25,Jeddah,93,421.65
C00359,2025-08-27 23:14:55,94,Riyadh,58,10922.09
C00360,2024-09-03 23:14:55,31,Riyadh,89,1571.28
C00361,2025-04-10 23:14:55,50,Dammam,84,10335.53
C00362,2025-08-27 23:14:55,93,Dammam,87,1679.69
C00363,2024-10-24 23:14:55,60,Dammam,48,13641.82
C00364,2025-03-15 23:14:55,22,Jeddah,94,7387.21
C00365,2025-07-02 23:14:55,61,Khobar,44,4410.81
C00366,2025-04-27 23:14:55,55,Jeddah,60,6273.21
C00367,2024-12-05 23:14:55,30,Medina,57,7436.71
C00368,2024-12-02 23:14:55,27,Medina,60,14028.04
C00369,2025-05-07 23:14:55,55,Khobar,95,7507.51
C00370,2025-06-29 23:14:55,16,Khobar,67,699.49
C00371,2024-09-27 23:14:55,20,Dammam,69,373.99
C00372,2025-07-04 23:14:55,64,Riyadh,86,4561.22
C00373,2024-11-18 23:14:55,65,Medina,80,6901.5
C00374,2025-01-03 23:14:55,65,Khobar,35,8782.17
C00375,2025-08-20 23:14:55,26,Jeddah,94,12257.18
C00376,2025-02-20 23:14:55,41,Riyadh,76,6723.77
C00377,2025-03-20 23:14:55,56,Dammam,76,9361.15
C00378,2025-04-14 23:14:55,39,Dammam,33,10216.49
C00379,2024-11-12 23:14:55,34,Mecca,69,14699.4
C00380,2025-01-29 23:14:55,21,Khobar,31,6034.07
C00381,2025-03-14 23:14:55,35,Medina,62,2725.2
C00382,2024-11-07 23:14:55,39,Jeddah,91,5997.01
C00383,2024-11-23 23:14:55,93,Jeddah,30,8068.77
C00384,2024-10-22 23:14:55,84,Dammam,45,13255.74
C00385,2024-08-30 23:14:55,92,Khobar,79,5132.59
C00386,2024-08-14 23:14:55,41,Riyadh,100,6838.05
C00387,2025-07-08 23:14:55,71,Riyadh,65,14475.82
C00388,2025-05-26 23:14:55,19,Riyadh,61,7826.08
C00389,2025-03-03 23:14:55,28,Riyadh,22,7103.25
C00390,2025-05-31 23:14:55,77,Khobar,93,13686.43
C00391,2025-01-13 23:14:55,95,Jeddah,79,14617.11
C00392,2024-12-04 23:14:55,53,Medina,58,9566.0
C00393,2025-08-18 23:14:55,66,Jeddah,94,3939.14
C00394,2025-03-21 23:14:55,41,Dammam,98,3221.88
C00395,2025-08-01 23:14:55,23,Riyadh,43,14248.92
C00396,2025-02-17 23:14:55,48,Jeddah,72,10411.95
C00397,2024-10-17 23:14:55,79,Khobar,61,782.58
C00398,2024-11-24 23:14:55,61,Medina,78,10352.21
C00399,2024-09-10 23:14:55,10,Riyadh,70,14336.1
C00400,2025-04-30 23:14:55,68,Mecca,59,130.57
C00401,2025-03-23 23:14:55,57,Dammam,22,3394.18
C00402,2025-04-05 23:14:55,11,Dammam,35,13478.62
C00403,2024-09-02 23:14:55,62,Mecca,20,4877.47
C00404,2025-01-06 23:14:55,15,Dammam,55,12776.96
C00405,2024-12-27 23:14:55,67,Khobar,28,13731.48
C00406,2025-07-08 23:14:55,39,Khobar,81,10959.61
C00407,2025-06-15 23:14:55,81,Riyadh,80,10628.76
C00408,2025-03-12 23:14:55,72,Dammam,71,12495.99
C00409,2024-12-22 23:14:55,55,Riyadh,75,3835.66
C00410,2024-10-29 23:14:55,62,Jeddah,64,3219.7
C00411,2024-11-01 23:14:55,84,Khobar,95,968.43
C00412,2025-04-06 23:14:55,46,Medina,80,1270.24
C00413,2024-09-25 23:14:55,66,Mecca,52,13190.94
C00414,2025-07-26 23:14:55,64,Medina,87,6365.89
C00415,2025-04-22 23:14:55,98,Riyadh,55,7905.97
C00416,2024-10-31 23:14:55,60,Mecca,35,10358.55
C00417,2025-03-25 23:14:55,23,Dammam,75,262.28
C00418,2024-12-03 23:14:55,11,Dammam,52,4298.42
C00419,2025-06-01 23:14:55,56,Dammam,88,3459.47
C00420,2025-03-22 23:14:55,23,Jeddah,20,756.23
C00421,2024-10-06 23:14:55,70,Riyadh,24,11865.17
C00422,2024-09-09 23:14:55,67,Khobar,100,6503.26
C00423,2025-05-10 23:14:55,97,Riyadh,53,11392.36
C00424,2025-03-10 23:14:55,38,Jeddah,22,521.14
C00425,2024-09-21 23:14:55,68,Riyadh,44,4247.75
C00426,2025-03-13 23:14:55,29,Jeddah,81,4179.94
C00427,2024-10-09 23:14:55,29,Dammam,30,14834.35
C00428,2024-12-12 23:14:55,25,Riyadh,51,3052.14
C00429,2025-08-14 23:14:55,87,Jeddah,57,3653.19
C00430,2024-12-18 23:14:55,17,Riyadh,35,11332.71
C00431,2025-08-16 23:14:55,79,Jeddah,82,13121.07
C00432,2025-03-17 23:14:55,34,Medina,78,14595.42
C00433,2025-07-21 23:14:55,32,Dammam,73,316.32
C00434,2025-06-23 23:14:55,64,Medina,100,13112.25
C00435,2025-02-01 23:14:55,44,Mecca,63,10270.54
C00436,2024-12-25 23:14:55,59,Medina,29,12359.22
C00437,2024-11-26 23:14:55,91,Medina,52,2004.17
C00438,2025-08-29 23:14:55,59,Riyadh,39,12964.13
C00439,2025-04-16 23:14:55,78,Medina,88,6881.6
C00440,2025-07-09 23:14:55,95,Riyadh,23,12598.02
C00441,2024-08-25 23:14:55,81,Mecca,38,5263.01
C00442,2025-06-06 23:14:55,64,Mecca,64,11938.31
C00443,2025-06-29 23:14:55,29,Riyadh,22,4738.76
C00444,2024-12-12 23:14:55,46,Medina,87,979.13
C00445,2025-09-09 23:14:55,32,Dammam,65,1580.92
C00446,2025-01-18 23:14:55,24,Medina,70,12432.2
C00447,2025-08-12 23:14:55,87,Medina,63,10736.17
C00448,2025-02-16 23:14:55,68,Medina,39,2884.75
C00449,2025-09-06 23:14:55,94,Khobar,56,14360.09
C00450,2025-07-21 23:14:55,79,Khobar,66,10324.86
C00451,2025-01-29 23:14:55,18,Khobar,29,3150.93
C00452,2025-06-03 23:14:55,93,Mecca,64,1048.07
C00453,2025-02-02 23:14:55,41,Dammam,66,4394.58
C00454,2025-01-20 23:14:55,61,Mecca,67,8061.01
C00455,2024-12-13 23:14:55,98,Mecca,90,11736.62
C00456,2025-04-01 23:14:55,48,Dammam,78,6165.62
C00457,2025-09-13 23:14:55,64,Mecca,92,12396.27
C00458,2024-09-17 23:14:55,92,Riyadh,56,11706.16
C00459,2025-02-26 23:14:55,72,Jeddah,47,6861.62
C00460,2024-10-01 23:14:55,33,Medina,33,10617.88
C00461,2025-01-12 23:14:55,60,Riyadh,35,7203.76
C00462,2025-05-04 23:14:55,35,Mecca,37,11903.52
C00463,2025-04-11 23:14:55,20,Dammam,81,2438.26
C00464,2024-10-04 23:14:55,33,Riyadh,66,5468.5
C00465,2025-04-17 23:14:55,54,Jeddah,90,12149.33
C00466,2024-12-27 23:14:55,52,Riyadh,22,1907.41
C00467,2025-06-13 23:14:55,84,Dammam,94,8574.97
C00468,2025-09-06 23:14:55,88,Medina,31,198.02
C00469,2025-07-20 23:14:55,17,Medina,41,5707.94
C00470,2024-11-19 23:14:55,97,Medina,25,244.61
C00471,2025-07-23 23:14:55,87,Riyadh,94,500.56
C00472,2024-09-10 23:14:55,39,Khobar,92,14246.13
C00473,2024-11-30 23:14:55,81,Dammam,51,4613.58
C00474,2025-05-28 23:14:55,86,Dammam,24,6380.54
C00475,2025-09-13 23:14:55,67,Jeddah,80,12545.73
C00476,2025-08-11 23:14:55,78,Riyadh,79,2681.24
C00477,2024-11-13 23:14:55,72,Riyadh,26,2883.04
C00478,2025-04-06 23:14:55,17,Jeddah,67,8202.01
C00479,2024-08-18 23:14:55,90,Dammam,84,11077.59
C00480,2024-10-08 23:14:55,15,Khobar,41,3790.53
C00481,2025-02-21 23:14:55,95,Medina,95,4299.78
C00482,2025-05-30 23:14:55,88,Jeddah,100,11411.26
C00483,2024-08-21 23:14:55,70,Riyadh,57,2750.71
C00484,2025-03-31 23:14:55,72,Mecca,82,8922.99
C00485,2024-09-06 23:14:55,75,Medina,48,193.08
C00486,2024-10-19 23:14:55,26,Jeddah,33,4153.23
C00487,2025-06-01 23:14:55,75,Dammam,40,13928.69
C00488,2025-06-05 23:14:55,40,Khobar,41,1404.22
C00489,2024-09-11 23:14:55,14,Medina,28,12667.9
C00490,2025-05-25 23:14:55,80,Jeddah,69,13378.57
C00491,2024-10-23 23:14:55,75,Riyadh,40,2092.38
C00492,2025-01-18 23:14:55,32,Jeddah,51,5185.5
C00493,2025-07-24 23:14:55,18,Dammam,96,13110.21
C00494,2025-06-07 23:14:55,62,Mecca,32,4278.26
C00495,2025-03-30 23:14:55,59,Jeddah,37,8817.94
C00496,2024-12-02 23:14:55,79,Jeddah,39,3745.37
C00497,2025-03-24 23:14:55,36,Dammam,29,13888.7
C00498,2024-10-20 23:14:55,91,Mecca,52,4423.21
C00499,2025-04-09 23:14:55,100,Dammam,69,9015.16
C00500,2025-04-13 23:14:55,75,Mecca,87,3052.45
C00501,2025-02-25 23:14:55,35,Dammam,56,7355.61
C00502,2025-02-05 23:14:55,80,Dammam,87,923.65
C00503,2025-01-15 23:14:55,68,Mecca,31,916.31
C00504,2024-12-08 23:14:55,65,Riyadh,96,5916.66
C00505,2025-05-03 23:14:55,15,Jeddah,70,5465.33
C00506,2025-08-31 23:14:55,16,Medina,38,2999.99
C00507,2025-02-19 23:14:55,48,Khobar,30,4516.64
C00508,2025-08-27 23:14:55,70,Jeddah,78,1694.13
C00509,2025-05-07 23:14:55,28,Riyadh,30,10671.63
C00510,2025-09-02 23:14:55,50,Dammam,59,3712.57
C00511,2024-08-29 23:14:55,20,Jeddah,44,6664.4
C00512,2024-12-28 23:14:55,39,Dammam,53,13374.83
C00513,2024-11-15 23:14:55,90,Jeddah,82,10518.48
C00514,2024-11-24 23:14:55,29,Riyadh,39,9187.24
C00515,2025-08-14 23:14:55,79,Mecca,25,6646.89
C00516,2024-12-10 23:14:55,57,Medina,84,14229.18
C00517,2025-04-01 23:14:55,88,Khobar,100,9005.02
C00518,2024-10-01 23:14:55,88,Dammam,42,7738.16
C00519,2024-10-03 23:14:55,96,Dammam,39,1810.65
C00520,2025-01-20 23:14:55,65,Mecca,95,12658.1
C00521,2025-08-15 23:14:55,39,Dammam,88,13055.19
C00522,2025-05-03 23:14:55,72,Medina,87,6485.12
C00523,2025-02-16 23:14:55,45,Mecca,74,11799.92
C00524,2024-09-09 23:14:55,60,Dammam,35,5011.94
C00525,2024-10-17 23:14:55,16,Medina,28,8006.64
C00526,2025-09-02 23:14:55,53,Mecca,21,3594.86
C00527,2025-08-27 23:14:55,89,Mecca,21,14347.51
C00528,2025-01-01 23:14:55,78,Khobar,71,1073.59
C00529,2025-07-26 23:14:55,99,Mecca,52,373.97
C00530,2025-01-19 23:14:55,65,Mecca,77,353.48
C00531,2025-04-12 23:14:55,94,Khobar,79,356.99
C00532,2024-12-28 23:14:55,26,Jeddah,70,14831.62
C00533,2025-01-09 23:14:55,48,Mecca,72,11870.47
C00534,2025-03-05 23:14:55,29,Medina,37,9959.15
C00535,2025-03-20 23:14:55,15,Dammam,77,3943.42
C00536,2025-02-03 23:14:55,31,Mecca,31,8474.43
C00537,2024-11-24 23:14:55,41,Medina,89,11129.35
C00538,2024-08-29 23:14:55,97,Khobar,60,8578.16
C00539,2025-09-07 23:14:55,19,Riyadh,70,7630.11
C00540,2025-05-06 23:14:55,82,Dammam,76,966.75
C00541,2025-08-11 23:14:55,85,Medina,95,1968.95
C00542,2025-01-09 23:14:55,51,Riyadh,35,1595.21
C00543,2025-08-05 23:14:55,42,Dammam,57,12862.41
C00544,2025-09-01 23:14:55,34,Khobar,56,2710.75
C00545,2025-01-23 23:14:55,50,Medina,100,6099.14
C00546,2025-06-02 23:14:55,98,Dammam,34,10970.59
C00547,2024-08-17 23:14:55,16,Dammam,35,7003.22
C00548,2025-02-28 23:14:55,10,Khobar,43,6629.09
C00549,2025-07-29 23:14:55,97,Medina,36,14952.81
C00550,2025-08-06 23:14:55,54,Mecca,55,599.1
C00551,2024-10-31 23:14:55,75,Dammam,66,6041.76
C00552,2025-08-02 23:14:55,10,Dammam,49,8868.61
C00553,2025-06-02 23:14:55,48,Jeddah,91,1872.5
C00554,2025-08-14 23:14:55,41,Jeddah,44,4716.08
C00555,2025-03-23 23:14:55,36,Medina,93,2874.84
C00556,2024-10-23 23:14:55,70,Riyadh,59,10833.23
C00557,2025-07-02 23:14:55,21,Jeddah,75,5461.95
C00558,2024-11-19 23:14:55,74,Jeddah,32,1319.1
C00559,2024-09-02 23:14:55,71,Medina,92,11345.68
C00560,2025-06-04 23:14:55,59,Khobar,76,10006.76
C00561,2024-12-20 23:14:55,93,Dammam,96,5157.23
C00562,2025-01-30 23:14:55,87,Mecca,38,14762.03
C00563,2025-08-14 23:14:55,59,Jeddah,50,9290.47
C00564,2025-03-02 23:14:55,95,Mecca,89,2046.55
C00565,2024-12-20 23:14:55,19,Dammam,83,12177.5
C00566,2024-10-23 23:14:55,33,Mecca,98,7416.51
C00567,2025-05-25 23:14:55,18,Mecca,31,10225.3
C00568,2024-08-29 23:14:55,75,Jeddah,41,4949.74
C00569,2024-12-12 23:14:55,47,Jeddah,47,4215.86
C00570,2025-06-11 23:14:55,21,Khobar,35,14594.2
C00571,2025-07-27 23:14:55,98,Medina,89,12930.12
C00572,2024-09-04 23:14:55,33,Medina,88,7899.55
C00573,2025-06-19 23:14:55,85,Riyadh,32,3927.32
C00574,2025-04-07 23:14:55,69,Mecca,25,9694.13
C00575,2025-04-03 23:14:55,46,Mecca,51,3178.98
C00576,2025-07-28 23:14:55,29,Mecca,61,8860.8
C00577,2025-03-14 23:14:55,93,Mecca,57,2924.69
C00578,2024-09-22 23:14:55,45,Dammam,57,10637.63
C00579,2024-08-31 23:14:55,88,Dammam,43,2649.09
C00580,2025-01-18 23:14:55,75,Riyadh,34,12264.7
C00581,2025-03-28 23:14:55,13,Dammam,90,8776.13
C00582,2024-09-24 23:14:55,94,Riyadh,96,10670.2
C00583,2024-09-04 23:14:55,16,Khobar,89,10334.5
C00584,2025-08-02 23:14:55,61,Mecca,100,14992.17
C00585,2025-06-23 23:14:55,41,Riyadh,47,6057.87
C00586,2025-05-11 23:14:55,57,Jeddah,32,11080.29
C00587,2025-08-22 23:14:55,69,Medina,47,7719.37
C00588,2025-08-12 23:14:55,50,Jeddah,47,4365.41
C00589,2025-05-28 23:14:55,56,Jeddah,74,7186.41
C00590,2024-11-14 23:14:55,46,Mecca,29,5205.58
C00591,2024-10-05 23:14:55,10,Medina,98,4559.57
C00592,2025-07-27 23:14:55,66,Medina,55,5540.75
C00593,2025-02-16 23:14:55,35,Dammam,82,8356.49
C00594,2025-08-25 23:14:55,25,Dammam,86,7292.21
C00595,2025-07-26 23:14:55,51,Jeddah,31,3443.64
C00596,2025-09-09 23:14:55,10,Medina,70,2875.61
C00597,2025-08-26 23:14:55,85,Medina,73,12003.2
C00598,2025-07-26 23:14:55,32,Medina,95,14214.34
C00599,2025-06-21 23:14:55,58,Riyadh,39,10272.04
C00600,2025-05-20 23:14:55,59,Dammam,34,8171.48
C00601,2025-07-19 23:14:55,56,Riyadh,76,8924.66
C00602,2025-01-30 23:14:55,62,Khobar,56,13890.0
C00603,2025-06-02 23:14:55,69,Khobar,87,10736.64
C00604,2025-04-05 23:14:55,14,Riyadh,77,13716.89
C00605,2024-09-17 23:14:55,13,Khobar,59,6939.17
C00606,2025-03-19 23:14:55,30,Mecca,45,11354.04
C00607,2025-09-09 23:14:55,41,Khobar,46,10399.26
C00608,2025-04-06 23:14:55,90,Riyadh,22,1625.08
C00609,2025-05-20 23:14:55,31,Riyadh,92,134.49
C00610,2025-08-19 23:14:55,23,Jeddah,34,10593.69
C00611,2025-04-30 23:14:55,88,Dammam,50,4238.24
C00612,2024-10-26 23:14:55,55,Mecca,84,13653.26
C00613,2025-06-28 23:14:55,27,Jeddah,30,12993.36
C00614,2025-08-02 23:14:55,57,Khobar,29,1597.51
C00615,2024-12-05 23:14:55,79,Dammam,20,10526.2
C00616,2024-12-10 23:14:55,82,Khobar,63,13892.07
C00617,2025-02-27 23:14:55,62,Dammam,67,9037.34
C00618,2024-09-18 23:14:55,38,Khobar,63,5965.99
C00619,2025-07-27 23:14:55,100,Dammam,54,13013.79
C00620,2025-09-01 23:14:55,80,Riyadh,32,4554.38
C00621,2025-03-18 23:14:55,26,Medina,90,5915.94
C00622,2025-02-19 23:14:55,78,Riyadh,95,2384.26
C00623,2025-07-31 23:14:55,71,Dammam,59,3968.31
C00624,2024-09-08 23:14:55,12,Mecca,81,3809.94
C00625,2024-10-06 23:14:55,52,Dammam,42,2125.68
C00626,2024-11-07 23:14:55,89,Medina,53,9927.76
C00627,2024-10-17 23:14:55,79,Khobar,94,6670.48
C00628,2025-05-19 23:14:55,82,Riyadh,35,5706.22
C00629,2025-08-20 23:14:55,67,Dammam,70,8554.25
C00630,2025-08-02 23:14:55,98,Jeddah,73,4922.22
C00631,2024-12-02 23:14:55,69,Medina,23,11239.28
C00632,2025-08-07 23:14:55,54,Riyadh,36,13894.6
C00633,2025-03-19 23:14:55,16,Khobar,73,3709.84
C00634,2025-03-25 23:14:55,48,Medina,34,9539.17
C00635,2024-09-15 23:14:55,65,Khobar,76,7910.08
C00636,2024-10-26 23:14:55,52,Dammam,48,441.42
C00637,2025-04-11 23:14:55,50,Medina,69,7006.63
C00638,2025-03-21 23:14:55,92,Mecca,94,7720.33
C00639,2024-09-30 23:14:55,18,Jeddah,91,14114.53
C00640,2025-02-19 23:14:55,41,Khobar,37,9617.03
C00641,2024-08-22 23:14:55,36,Mecca,45,4813.93
C00642,2024-12-13 23:14:55,93,Dammam,65,1392.54
C00643,2025-07-17 23:14:55,26,Mecca,79,3934.83
C00644,2024-12-25 23:14:55,93,Dammam,32,5783.13
C00645,2025-02-10 23:14:55,89,Jeddah,87,5552.28
C00646,2025-09-01 23:14:55,53,Mecca,74,10005.2
C00647,2025-09-10 23:14:55,52,Mecca,93,8481.01
C00648,2024-09-04 23:14:55,34,Dammam,38,13176.76
C00649,2024-10-19 23:14:55,18,Riyadh,93,6956.08
C00650,2025-04-27 23:14:55,61,Dammam,67,14656.39
C00651,2025-05-31 23:14:55,90,Khobar,87,2262.26
C00652,2025-02-16 23:14:55,86,Jeddah,25,2403.47
C00653,2024-12-18 23:14:55,66,Jeddah,70,1422.36
C00654,2024-09-21 23:14:55,89,Jeddah,76,14683.7
C00655,2025-02-14 23:14:55,78,Riyadh,31,3357.54
C00656,2024-11-29 23:14:55,24,Dammam,22,1996.12
C00657,2025-08-24 23:14:55,79,Jeddah,83,10750.89
C00658,2025-08-28 23:14:55,32,Riyadh,88,8862.53
C00659,2025-05-17 23:14:55,63,Khobar,62,9686.31
C00660,2025-09-04 23:14:55,15,Mecca,51,1011.69
C00661,2025-09-03 23:14:55,78,Jeddah,60,6878.59
C00662,2024-12-03 23:14:55,30,Riyadh,60,7880.44
C00663,2025-07-03 23:14:55,33,Medina,22,7709.98
C00664,2024-10-21 23:14:55,58,Khobar,65,1935.54
C00665,2025-08-17 23:14:55,68,Mecca,83,4429.28
C00666,2024-12-20 23:14:55,59,Riyadh,26,2737.39
C00667,2024-08-25 23:14:55,62,Jeddah,49,7152.36
C00668,2024-12-27 23:14:55,21,Jeddah,31,12478.55
C00669,2024-10-10 23:14:55,90,Dammam,69,14959.68
C00670,2025-08-17 23:14:55,97,Jeddah,97,6595.55
C00671,2025-01-30 23:14:55,41,Dammam,42,9858.19
C00672,2025-03-08 23:14:55,57,Medina,83,11335.02
C00673,2024-11-16 23:14:55,70,Khobar,54,8361.3
C00674,2025-05-06 23:14:55,10,Jeddah,86,5443.95
C00675,2024-08-25 23:14:55,33,Khobar,87,6283.86
C00676,2024-11-10 23:14:55,77,Medina,36,6615.5
C00677,2025-02-16 23:14:55,10,Riyadh,68,5116.38
C00678,2025-02-03 23:14:55,75,Medina,40,11530.59
C00679,2024-11-01 23:14:55,86,Medina,75,7085.77
C00680,2024-12-20 23:14:55,32,Riyadh,59,1613.3
C00681,2024-09-03 23:14:55,99,Medina,99,6942.16
C00682,2024-09-05 23:14:55,61,Mecca,84,13835.4
C00683,2025-05-02 23:14:55,31,Mecca,87,8108.03
C00684,2024-12-26 23:14:55,97,Khobar,96,2468.97
C00685,2024-11-26 23:14:55,77,Mecca,70,13324.83
C00686,2024-09-25 23:14:55,29,Dammam,57,1870.33
C00687,2024-11-07 23:14:55,55,Khobar,56,13927.51
C00688,2024-10-28 23:14:55,56,Mecca,80,1087.05
C00689,2025-02-02 23:14:55,31,Medina,71,8563.89
C00690,2025-01-20 23:14:55,32,Jeddah,88,14893.09
C00691,2025-07-05 23:14:55,56,Mecca,82,6449.36
C00692,2024-08-18 23:14:55,54,Riyadh,62,12825.49
C00693,2025-08-11 23:14:55,43,Medina,75,13687.0
C00694,2024-11-07 23:14:55,85,Dammam,84,3479.4
C00695,2025-04-29 23:14:55,35,Jeddah,27,8940.76
C00696,2024-11-13 23:14:55,54,Medina,49,2416.55
C00697,2024-12-10 23:14:55,83,Mecca,50,1633.8
C00698,2024-10-17 23:14:55,56,Medina,51,748.51
C00699,2024-10-08 23:14:55,75,Jeddah,68,11502.79
C00700,2025-03-09 23:14:55,43,Riyadh,89,3170.3
C00701,2025-05-18 23:14:55,95,Khobar,84,8448.11
C00702,2025-02-08 23:14:55,73,Medina,33,9078.9
C00703,2025-01-04 23:14:55,46,Mecca,42,5487.07
C00704,2025-08-02 23:14:55,75,Khobar,74,9378.72
C00705,2024-08-28 23:14:55,52,Dammam,72,5702.15
C00706,2025-01-14 23:14:55,22,Medina,77,9855.54
C00707,2024-09-03 23:14:55,26,Medina,58,12840.82
C00708,2024-10-04 23:14:55,15,Medina,98,6880.7
C00709,2025-03-18 23:14:55,76,Dammam,68,1665.43
C00710,2025-05-10 23:14:55,93,Khobar,92,3489.64
C00711,2025-01-16 23:14:55,43,Riyadh,94,5492.28
C00712,2025-08-23 23:14:55,16,Medina,58,4622.11
C00713,2025-08-12 23:14:55,79,Jeddah,65,9502.47
C00714,2025-09-09 23:14:55,64,Medina,24,2945.03
C00715,2025-01-01 23:14:55,93,Jeddah,96,7813.94
C00716,2025-05-14 23:14:55,58,Medina,49,12607.44
C00717,2024-12-18 23:14:55,61,Medina,30,4870.3
C00718,2025-02-06 23:14:55,50,Dammam,89,7685.44
C00719,2025-01-14 23:14:55,87,Khobar,44,4415.54
C00720,2025-08-29 23:14:55,90,Dammam,52,8333.25
C00721,2024-11-08 23:14:55,41,Medina,89,10670.02
C00722,2025-08-08 23:14:55,35,Dammam,80,296.05
C00723,2024-12-20 23:14:55,70,Dammam,23,3472.61
C00724,2024-10-11 23:14:55,34,Mecca,26,11494.84
C00725,2025-07-31 23:14:55,45,Khobar,28,1726.51
C00726,2025-06-29 23:14:55,59,Dammam,100,894.35
C00727,2024-09-24 23:14:55,15,Medina,69,7934.2
C00728,2024-09-14 23:14:55,20,Medina,80,9306.33
C00729,2025-02-11 23:14:55,44,Khobar,71,7522.15
C00730,2024-08-13 23:14:55,53,Jeddah,83,11971.25
C00731,2025-06-19 23:14:55,10,Riyadh,64,543.57
C00732,2025-08-13 23:14:55,78,Riyadh,24,13234.07
C00733,2025-08-26 23:14:55,18,Dammam,87,9826.28
C00734,2025-02-11 23:14:55,10,Khobar,71,2816.97
C00735,2025-07-15 23:14:55,25,Medina,98,9069.27
C00736,2025-03-01 23:14:55,78,Khobar,91,7226.73
C00737,2025-09-11 23:14:55,87,Medina,25,8757.71
C00738,2025-04-09 23:14:55,30,Mecca,51,2287.55
C00739,2025-02-16 23:14:55,91,Jeddah,72,3389.66
C00740,2025-04-23 23:14:55,54,Dammam,71,4664.84
C00741,2025-08-26 23:14:55,91,Khobar,100,4014.49
C00742,2025-08-27 23:14:55,100,Dammam,81,8898.13
C00743,2025-04-16 23:14:55,28,Jeddah,64,12718.32
C00744,2025-07-03 23:14:55,26,Jeddah,21,2539.51
C00745,2025-05-20 23:14:55,89,Dammam,61,11759.04
C00746,2025-08-31 23:14:55,70,Khobar,72,13527.39
C00747,2024-09-30 23:14:55,41,Dammam,63,8539.36
C00748,2025-06-28 23:14:55,56,Dammam,73,13933.47
C00749,2024-10-19 23:14:55,75,Medina,45,10344.85
C00750,2025-01-16 23:14:55,15,Dammam,35,11769.86
C00751,2025-01-24 23:14:55,71,Dammam,59,4697.51
C00752,2024-10-21 23:14:55,63,Riyadh,74,2324.44
C00753,2025-04-20 23:14:55,99,Khobar,61,10914.09
C00754,2024-12-24 23:14:55,49,Jeddah,86,12316.56
C00755,2024-10-28 23:14:55,44,Dammam,81,9706.54
C00756,2025-02-07 23:14:55,91,Dammam,93,10400.32
C00757,2025-02-10 23:14:55,22,Khobar,83,10163.65
C00758,2025-03-05 23:14:55,80,Riyadh,41,10094.97
C00759,2024-10-23 23:14:55,61,Jeddah,88,12701.9
C00760,2025-08-12 23:14:55,43,Riyadh,34,14120.5
C00761,2025-03-29 23:14:55,94,Mecca,23,13776.85
C00762,2024-10-23 23:14:55,47,Riyadh,62,13126.21
C00763,2025-09-06 23:14:55,11,Mecca,56,10134.53
C00764,2025-07-27 23:14:55,72,Mecca,44,9631.37
C00765,2025-01-22 23:14:55,52,Dammam,94,14195.46
C00766,2025-07-23 23:14:55,91,Riyadh,41,7931.76
C00767,2025-02-10 23:14:55,99,Medina,29,3468.2
C00768,2024-08-19 23:14:55,76,Jeddah,86,3191.8
C00769,2025-03-24 23:14:55,52,Riyadh,77,585.82
C00770,2025-02-10 23:14:55,13,Mecca,32,6435.79
C00771,2024-10-10 23:14:55,88,Riyadh,99,11183.35
C00772,2024-09-08 23:14:55,57,Medina,93,4492.35
C00773,2025-06-19 23:14:55,54,Dammam,51,4907.32
C00774,2025-07-05 23:14:55,56,Medina,50,6774.39
C00775,2024-11-04 23:14:55,48,Medina,39,480.31
C00776,2024-09-16 23:14:55,59,Riyadh,65,9373.49
C00777,2024-11-18 23:14:55,85,Khobar,61,9787.99
C00778,2025-04-23 23:14:55,45,Riyadh,20,8261.09
C00779,2025-09-07 23:14:55,84,Medina,94,4789.04
C00780,2024-11-07 23:14:55,29,Jeddah,86,2144.77
C00781,2025-07-16 23:14:55,92,Mecca,62,11966.77
C00782,2024-11-21 23:14:55,92,Dammam,74,2876.56
C00783,2025-09-08 23:14:55,74,Riyadh,50,9145.28
C00784,2024-09-23 23:14:55,71,Mecca,81,2094.0
C00785,2025-03-24 23:14:55,24,Riyadh,89,13667.19
C00786,2025-05-19 23:14:55,34,Mecca,91,14319.45
C00787,2024-11-15 23:14:55,52,Dammam,51,4562.95
C00788,2024-11-17 23:14:55,20,Riyadh,24,2716.45
C00789,2025-02-27 23:14:55,38,Khobar,96,8206.03
C00790,2025-02-12 23:14:55,46,Riyadh,95,3325.91
C00791,2025-04-16 23:14:55,43,Mecca,95,9304.91
C00792,2025-01-08 23:14:55,11,Dammam,77,5120.13
C00793,2025-04-03 23:14:55,47,Dammam,66,2898.95
C00794,2024-12-08 23:14:55,31,Jeddah,39,3654.71
C00795,2024-09-06 23:14:55,44,Jeddah,23,8501.89
C00796,2025-01-28 23:14:55,14,Dammam,84,14678.84
C00797,2024-11-28 23:14:55,51,Mecca,82,14825.93
C00798,2025-04-10 23:14:55,37,Jeddah,87,2205.91
C00799,2025-01-02 23:14:55,77,Medina,39,8414.6
C00800,2025-01-31 23:14:55,55,Medina,94,14895.28
C00801,2025-01-25 23:14:55,58,Dammam,87,13185.14
C00802,2025-01-18 23:14:55,83,Riyadh,90,11451.97
C00803,2025-08-21 23:14:55,55,Medina,35,10408.85
C00804,2025-07-20 23:14:55,49,Jeddah,75,8756.85
C00805,2025-06-25 23:14:55,84,Mecca,99,3324.71
C00806,2024-10-27 23:14:55,74,Khobar,68,11152.73
C00807,2025-05-26 23:14:55,43,Medina,65,7589.6
C00808,2025-06-19 23:14:55,38,Mecca,69,11815.82
C00809,2024-10-14 23:14:55,58,Mecca,39,7900.59
C00810,2024-08-26 23:14:55,100,Mecca,84,4348.17
C00811,2024-10-18 23:14:55,85,Khobar,89,1155.38
C00812,2024-10-21 23:14:55,43,Riyadh,67,7331.33
C00813,2024-12-17 23:14:55,68,Riyadh,48,13434.61
C00814,2025-02-16 23:14:55,79,Khobar,87,494.59
C00815,2025-08-20 23:14:55,98,Riyadh,78,4558.17
C00816,2025-07-26 23:14:55,25,Riyadh,62,2711.34
C00817,2025-01-20 23:14:55,19,Jeddah,87,11123.52
C00818,2024-08-27 23:14:55,20,Mecca,22,9821.73
C00819,2025-09-01 23:14:55,35,Mecca,20,13500.14
C00820,2025-05-11 23:14:55,53,Mecca,37,12870.18
C00821,2025-01-13 23:14:55,51,Medina,32,6983.76
C00822,2025-06-17 23:14:55,77,Riyadh,70,3366.83
C00823,2025-04-23 23:14:55,89,Mecca,59,11977.48
C00824,2024-12-06 23:14:55,73,Riyadh,84,14848.98
C00825,2025-05-14 23:14:55,64,Mecca,24,10779.03
C00826,2025-08-23 23:14:55,28,Mecca,97,7603.07
C00827,2024-09-10 23:14:55,92,Jeddah,67,9698.53
C00828,2024-09-03 23:14:55,79,Dammam,43,12102.18
C00829,2025-08-08 23:14:55,47,Riyadh,71,9454.41
C00830,2025-01-18 23:14:55,31,Medina,80,514.3
C00831,2024-12-03 23:14:55,82,Jeddah,34,3184.04
C00832,2024-12-02 23:14:55,73,Medina,36,1743.96
C00833,2024-10-03 23:14:55,26,Khobar,89,3717.59
C00834,2025-09-12 23:14:55,65,Jeddah,97,5730.13
C00835,2024-12-12 23:14:55,74,Mecca,54,11724.16
C00836,2024-12-08 23:14:55,73,Riyadh,94,4352.44
C00837,2025-05-12 23:14:55,21,Jeddah,77,2942.35
C00838,2025-07-07 23:14:55,26,Dammam,23,6148.27
C00839,2025-06-16 23:14:55,45,Dammam,90,510.71
C00840,2025-06-23 23:14:55,68,Khobar,56,3292.51
C00841,2024-12-26 23:14:55,96,Dammam,66,5799.59
C00842,2025-05-28 23:14:55,26,Medina,84,14513.72
C00843,2024-08-29 23:14:55,43,Khobar,51,13381.79
C00844,2024-08-17 23:14:55,47,Mecca,37,13063.51
C00845,2025-08-18 23:14:55,52,Khobar,22,2484.53
C00846,2025-08-16 23:14:55,84,Dammam,20,5327.5
C00847,2024-12-01 23:14:55,90,Jeddah,46,10675.99
C00848,2024-09-20 23:14:55,46,Medina,64,899.85
C00849,2025-01-25 23:14:55,39,Dammam,67,234.85
C00850,2025-06-14 23:14:55,93,Mecca,69,13665.66
C00851,2024-11-27 23:14:55,32,Mecca,63,10476.23
C00852,2024-09-27 23:14:55,92,Medina,40,6417.0
C00853,2025-01-15 23:14:55,57,Dammam,30,5529.25
C00854,2025-05-06 23:14:55,21,Riyadh,86,13914.77
C00855,2024-10-15 23:14:55,27,Riyadh,42,13998.19
C00856,2024-12-28 23:14:55,67,Riyadh,24,873.34
C00857,2025-08-10 23:14:55,37,Medina,74,11267.36
C00858,2025-07-30 23:14:55,37,Jeddah,97,8699.7
C00859,2025-06-18 23:14:55,36,Khobar,39,13971.21
C00860,2024-11-17 23:14:55,97,Mecca,84,10728.45
C00861,2024-09-12 23:14:55,45,Dammam,57,4957.63
C00862,2025-06-23 23:14:55,28,Jeddah,79,6336.11
C00863,2024-09-27 23:14:55,94,Khobar,20,14475.81
C00864,2025-01-26 23:14:55,78,Jeddah,73,6467.98
C00865,2025-01-28 23:14:55,99,Jeddah,71,4395.19
C00866,2024-10-16 23:14:55,95,Medina,36,11439.8
C00867,2025-01-24 23:14:55,14,Mecca,83,7363.03
C00868,2025-05-18 23:14:55,92,Dammam,67,10137.61
C00869,2024-11-04 23:14:55,29,Medina,50,13629.98
C00870,2025-07-30 23:14:55,32,Riyadh,90,9327.44
C00871,2024-12-31 23:14:55,50,Dammam,34,1375.88
C00872,2024-08-31 23:14:55,65,Dammam,20,5240.19
C00873,2025-07-10 23:14:55,35,Jeddah,29,13171.24
C00874,2024-10-13 23:14:55,31,Dammam,68,13696.49
C00875,2025-03-17 23:14:55,67,Medina,54,14494.16
C00876,2024-11-12 23:14:55,45,Jeddah,70,6055.09
C00877,2025-01-03 23:14:55,49,Mecca,69,10753.22
C00878,2025-03-22 23:14:55,13,Mecca,66,6798.32
C00879,2024-10-12 23:14:55,18,Dammam,92,4038.0
C00880,2025-05-06 23:14:55,26,Khobar,63,4188.41
C00881,2025-07-03 23:14:55,91,Mecca,60,9998.81
C00882,2024-12-13 23:14:55,56,Jeddah,28,1236.16
C00883,2025-04-10 23:14:55,83,Mecca,53,6782.61
C00884,2025-03-06 23:14:55,11,Khobar,57,6375.17
C00885,2025-03-08 23:14:55,37,Riyadh,52,12659.04
C00886,2025-03-23 23:14:55,48,Khobar,39,14744.44
C00887,2024-08-20 23:14:55,74,Mecca,91,397.16
C00888,2025-05-20 23:14:55,100,Jeddah,39,6347.9
C00889,2025-06-18 23:14:55,82,Riyadh,81,9726.55
C00890,2024-09-19 23:14:55,47,Dammam,91,413.93
C00891,2025-04-01 23:14:55,68,Khobar,96,6390.31
C00892,2024-10-23 23:14:55,80,Khobar,77,10055.74
C00893,2025-06-04 23:14:55,36,Medina,64,2487.46
C00894,2025-07-24 23:14:55,76,Riyadh,90,9100.29
C00895,2025-02-23 23:14:55,21,Medina,30,824.53
C00896,2024-11-11 23:14:55,67,Medina,75,14594.48
C00897,2025-08-25 23:14:55,30,Mecca,86,13433.45
C00898,2025-02-09 23:14:55,64,Riyadh,64,3693.7
C00899,2024-09-19 23:14:55,94,Jeddah,91,1195.6
C00900,2024-11-21 23:14:55,80,Medina,65,12298.99
C00901,2025-01-19 23:14:55,89,Dammam,33,9884.36
C00902,2025-06-24 23:14:55,20,Dammam,53,7831.27
C00903,2024-12-02 23:14:55,78,Medina,41,9557.56
C00904,2024-12-03 23:14:55,100,Jeddah,65,5205.61
C00905,2024-10-06 23:14:55,54,Khobar,33,485.99
C00906,2024-10-06 23:14:55,84,Riyadh,51,13412.12
C00907,2025-02-19 23:14:55,64,Mecca,76,3578.98
C00908,2024-12-28 23:14:55,79,Khobar,20,3936.08
C00909,2024-10-09 23:14:55,10,Riyadh,87,1424.43
C00910,2024-09-04 23:14:55,72,Khobar,36,12732.81
C00911,2024-09-22 23:14:55,45,Riyadh,75,260.62
C00912,2025-08-03 23:14:55,25,Jeddah,31,5516.36
C00913,2025-02-13 23:14:55,40,Medina,100,1851.11
C00914,2024-09-01 23:14:55,18,Riyadh,23,11015.52
C00915,2024-12-27 23:14:55,44,Medina,89,5585.36
C00916,2025-01-23 23:14:55,99,Jeddah,97,9719.13
C00917,2025-06-07 23:14:55,87,Riyadh,48,12510.01
C00918,2024-12-22 23:14:55,22,Jeddah,38,3788.1
C00919,2025-07-22 23:14:55,46,Mecca,82,6117.97
C00920,2024-11-19 23:14:55,60,Jeddah,55,8245.37
C00921,2025-02-05 23:14:55,21,Mecca,62,9243.25
C00922,2025-08-31 23:14:55,24,Dammam,58,4834.83
C00923,2024-11-24 23:14:55,66,Khobar,33,6864.09
C00924,2025-06-02 23:14:55,11,Khobar,55,2855.08
C00925,2025-07-25 23:14:55,18,Riyadh,44,7589.34
C00926,2025-01-29 23:14:55,51,Dammam,20,13618.02
C00927,2025-06-08 23:14:55,19,Medina,20,11024.12
C00928,2024-09-13 23:14:55,23,Riyadh,81,3424.09
C00929,2024-09-19 23:14:55,54,Mecca,99,9273.26
C00930,2025-07-13 23:14:55,71,Mecca,81,6653.23
C00931,2025-07-17 23:14:55,64,Medina,68,14661.9
C00932,2025-08-14 23:14:55,20,Medina,69,14580.49
C00933,2025-04-02 23:14:55,82,Khobar,63,2978.36
C00934,2025-05-06 23:14:55,56,Jeddah,54,6849.64
C00935,2024-08-25 23:14:55,70,Jeddah,37,8034.8
C00936,2024-08-27 23:14:55,96,Dammam,23,7553.05
C00937,2024-11-12 23:14:55,34,Dammam,83,2364.97
C00938,2024-11-23 23:14:55,54,Riyadh,74,1645.93
C00939,2024-09-09 23:14:55,78,Mecca,96,14165.24
C00940,2024-11-30 23:14:55,35,Medina,83,10064.77
C00941,2025-09-05 23:14:55,23,Riyadh,59,8327.4
C00942,2025-07-12 23:14:55,96,Medina,25,13706.54
C00943,2025-06-19 23:14:55,73,Mecca,23,11263.1
C00944,2025-05-14 23:14:55,60,Mecca,55,10746.22
C00945,2025-03-17 23:14:55,99,Jeddah,80,5999.8
C00946,2024-08-30 23:14:55,90,Khobar,25,5432.86
C00947,2025-07-04 23:14:55,73,Dammam,42,2883.69
C00948,2025-01-01 23:14:55,54,Jeddah,59,13718.83
C00949,2025-03-31 23:14:55,49,Dammam,80,7258.67
C00950,2024-09-28 23:14:55,17,Riyadh,35,4822.07
C00951,2025-02-05 23:14:55,94,Khobar,21,7378.37
C00952,2024-12-14 23:14:55,59,Medina,92,10731.86
C00953,2025-05-26 23:14:55,53,Jeddah,85,13675.15
C00954,2025-06-09 23:14:55,83,Dammam,82,10800.35
C00955,2024-08-23 23:14:55,44,Dammam,77,9006.52
C00956,2024-09-14 23:14:55,97,Khobar,71,13501.94
C00957,2025-04-01 23:14:55,83,Dammam,30,4285.79
C00958,2025-05-04 23:14:55,55,Jeddah,22,12857.26
C00959,2025-05-21 23:14:55,32,Mecca,45,1896.11
C00960,2025-05-02 23:14:55,91,Khobar,85,14986.58
C00961,2024-09-05 23:14:55,82,Medina,34,11453.28
C00962,2025-06-24 23:14:55,72,Mecca,53,1967.2
C00963,2024-09-30 23:14:55,52,Dammam,84,8486.22
C00964,2025-03-13 23:14:55,86,Jeddah,68,4839.8
C00965,2025-03-28 23:14:55,96,Jeddah,89,2301.78
C00966,2025-01-10 23:14:55,37,Riyadh,78,10545.66
C00967,2025-09-02 23:14:55,43,Khobar,34,6569.64
C00968,2024-11-17 23:14:55,35,Khobar,97,10438.91
C00969,2025-06-20 23:14:55,44,Khobar,35,7881.27
C00970,2025-04-03 23:14:55,12,Dammam,57,7899.81
C00971,2025-08-14 23:14:55,11,Jeddah,69,346.98
C00972,2025-01-04 23:14:55,11,Riyadh,87,10625.26
C00973,2025-02-21 23:14:55,26,Mecca,54,511.63
C00974,2025-07-10 23:14:55,81,Medina,47,14159.79
C00975,2025-05-26 23:14:55,90,Mecca,26,512.3
C00976,2024-11-22 23:14:55,33,Khobar,80,3317.83
C00977,2024-12-21 23:14:55,51,Medina,39,8395.04
C00978,2024-11-10 23:14:55,32,Riyadh,60,7434.76
C00979,2025-07-03 23:14:55,61,Khobar,83,2409.48
C00980,2024-12-10 23:14:55,31,Medina,65,7367.69
C00981,2025-08-06 23:14:55,56,Khobar,77,7393.33
C00982,2024-09-08 23:14:55,25,Mecca,81,4965.3
C00983,2025-02-18 23:14:55,39,Dammam,97,6699.58
C00984,2024-08-15 23:14:55,58,Medina,96,691.31
C00985,2025-02-24 23:14:55,24,Jeddah,87,13121.16
C00986,2025-05-14 23:14:55,88,Mecca,72,8058.89
C00987,2025-06-24 23:14:55,84,Khobar,85,9841.22
C00988,2025-05-30 23:14:55,62,Riyadh,94,1154.82
C00989,2025-03-25 23:14:55,66,Mecca,33,7165.56
C00990,2025-05-30 23:14:55,11,Riyadh,26,10398.37
C00991,2025-08-30 23:14:55,90,Dammam,67,5714.95
C00992,2025-05-08 23:14:55,20,Jeddah,61,8320.99
C00993,2025-02-19 23:14:55,80,Mecca,94,14119.16
C00994,2025-01-08 23:14:55,49,Mecca,86,2273.28
C00995,2024-12-08 23:14:55,68,Riyadh,60,13582.43
C00996,2024-12-13 23:14:55,36,Riyadh,44,14952.1
C00997,2025-07-26 23:14:55,79,Riyadh,51,10081.67
C00998,2025-09-04 23:14:55,26,Khobar,31,4933.24
C00999,2025-01-05 23:14:55,40,Medina,39,14110.34
C01000,2025-09-10 23:14:55,78,Mecca,46,10544.39
C01001,2025-07-24 23:14:55,58,Mecca,43,2173.49
C01002,2025-01-16 23:14:55,85,Khobar,56,7113.59
C01003,2025-07-31 23:14:55,18,Riyadh,21,8921.97
C01004,2025-07-10 23:14:55,17,Mecca,57,7833.91
C01005,2025-07-18 23:14:55,62,Riyadh,32,1000.33
C01006,2025-05-09 23:14:55,64,Dammam,42,8377.74
C01007,2024-09-27 23:14:55,57,Medina,81,11804.44
C01008,2025-08-13 23:14:55,23,Jeddah,67,8177.61
C01009,2024-11-08 23:14:55,62,Mecca,80,1665.21
C01010,2025-02-13 23:14:55,54,Mecca,40,9679.97
C01011,2024-10-14 23:14:55,40,Dammam,21,2525.62
C01012,2025-02-17 23:14:55,63,Mecca,98,7906.02
C01013,2025-06-01 23:14:55,27,Dammam,76,10812.79
C01014,2025-05-29 23:14:55,82,Jeddah,92,11389.43
C01015,2025-02-03 23:14:55,59,Dammam,42,8656.57
C01016,2024-11-22 23:14:55,18,Riyadh,46,6875.53
C01017,2025-04-22 23:14:55,18,Riyadh,40,8199.73
C01018,2025-05-29 23:14:55,85,Jeddah,29,9868.18
C01019,2025-03-21 23:14:55,95,Medina,68,7308.98
C01020,2024-08-25 23:14:55,53,Jeddah,25,10260.57
C01021,2025-06-16 23:14:55,26,Jeddah,21,12642.82
C01022,2025-04-26 23:14:55,73,Khobar,48,380.06
C01023,2024-11-14 23:14:55,26,Medina,53,8656.93
C01024,2025-08-30 23:14:55,67,Jeddah,55,14411.63
C01025,2024-12-16 23:14:55,32,Medina,55,1529.68
C01026,2024-12-07 23:14:55,37,Riyadh,47,5320.54
C01027,2025-01-17 23:14:55,28,Mecca,23,7134.97
C01028,2024-09-29 23:14:55,18,Khobar,95,325.96
C01029,2025-04-28 23:14:55,100,Mecca,81,3387.31
C01030,2025-04-25 23:14:55,27,Mecca,79,2636.47
C01031,2025-06-17 23:14:55,16,Riyadh,86,8576.9
C01032,2025-03-09 23:14:55,78,Dammam,21,9243.37
C01033,2024-10-12 23:14:55,23,Medina,66,11934.15
C01034,2025-08-06 23:14:55,69,Medina,56,9951.05
C01035,2024-11-14 23:14:55,74,Medina,72,2031.13
C01036,2025-09-04 23:14:55,62,Riyadh,88,14191.34
C01037,2025-01-10 23:14:55,41,Dammam,72,14945.11
C01038,2025-05-14 23:14:55,90,Khobar,88,8966.61
C01039,2025-08-12 23:14:55,57,Mecca,40,3770.26
C01040,2024-11-16 23:14:55,76,Jeddah,43,14737.76
C01041,2025-08-13 23:14:55,27,Mecca,93,9510.8
C01042,2025-08-09 23:14:55,60,Mecca,71,5557.18
C01043,2025-07-21 23:14:55,56,Jeddah,28,6973.09
C01044,2025-01-05 23:14:55,66,Khobar,40,3680.24
C01045,2025-04-22 23:14:55,36,Medina,75,5925.28
C01046,2025-02-11 23:14:55,46,Medina,76,9344.86
C01047,2024-10-12 23:14:55,94,Jeddah,57,9507.83
C01048,2025-03-26 23:14:55,93,Dammam,20,3299.17
C01049,2025-03-14 23:14:55,12,Medina,54,5773.77
C01050,2024-08-11 23:14:55,99,Dammam,26,10559.01
C01051,2025-07-23 23:14:55,51,Medina,37,6750.27
C01052,2025-02-18 23:14:55,54,Riyadh,24,9384.18
C01053,2025-02-24 23:14:55,14,Riyadh,51,602.29
C01054,2025-03-12 23:14:55,98,Jeddah,84,5178.44
C01055,2024-11-06 23:14:55,95,Jeddah,45,12447.93
C01056,2024-08-25 23:14:55,99,Jeddah,99,9632.93
C01057,2025-05-17 23:14:55,26,Mecca,42,8842.64
C01058,2025-07-13 23:14:55,87,Khobar,53,14820.62
C01059,2024-10-24 23:14:55,53,Mecca,82,13513.0
C01060,2025-05-16 23:14:55,93,Riyadh,52,3317.35
C01061,2025-05-10 23:14:55,86,Khobar,94,11612.13
C01062,2025-08-09 23:14:55,32,Mecca,51,6238.32
C01063,2025-08-25 23:14:55,65,Medina,35,9124.09
C01064,2025-01-29 23:14:55,95,Khobar,79,9698.54
C01065,2025-08-13 23:14:55,60,Khobar,35,9225.72
C01066,2025-01-13 23:14:55,78,Medina,26,14053.46
C01067,2024-10-20 23:14:55,20,Jeddah,90,7012.2
C01068,2024-10-03 23:14:55,18,Dammam,72,13213.57
C01069,2024-10-13 23:14:55,84,Jeddah,92,14438.14
C01070,2025-04-30 23:14:55,93,Dammam,31,868.97
C01071,2025-03-23 23:14:55,58,Riyadh,82,11479.94
C01072,2025-06-21 23:14:55,43,Riyadh,36,14569.4
C01073,2025-04-26 23:14:55,26,Mecca,24,14049.4
C01074,2024-10-16 23:14:55,66,Jeddah,85,13531.87
C01075,2025-06-14 23:14:55,91,Khobar,79,1821.65
C01076,2025-01-22 23:14:55,95,Riyadh,28,2922.43
C01077,2025-03-22 23:14:55,61,Riyadh,59,8379.08
C01078,2025-02-11 23:14:55,66,Jeddah,34,3991.57
C01079,2025-05-23 23:14:55,62,Dammam,55,13986.52
C01080,2024-11-23 23:14:55,39,Mecca,68,1297.16
C01081,2025-01-20 23:14:55,50,Riyadh,96,14134.81
C01082,2024-12-31 23:14:55,75,Riyadh,100,14610.19
C01083,2024-09-25 23:14:55,11,Medina,27,12985.39
C01084,2025-03-09 23:14:55,23,Riyadh,87,8359.71
C01085,2025-06-18 23:14:55,81,Mecca,34,12991.2
C01086,2025-02-24 23:14:55,15,Riyadh,41,11289.66
C01087,2025-05-09 23:14:55,40,Khobar,53,4406.53
C01088,2024-08-14 23:14:55,24,Dammam,20,2617.19
C01089,2025-08-27 23:14:55,19,Jeddah,48,8463.64
C01090,2025-08-08 23:14:55,62,Khobar,23,9501.05
C01091,2024-11-24 23:14:55,27,Riyadh,39,13790.29
C01092,2024-11-04 23:14:55,34,Medina,78,76.13
C01093,2024-11-12 23:14:55,89,Dammam,82,13903.72
C01094,2025-02-11 23:14:55,41,Khobar,50,2270.32
C01095,2025-06-05 23:14:55,38,Medina,26,13531.9
C01096,2025-09-07 23:14:55,29,Riyadh,46,2594.73
C01097,2024-09-23 23:14:55,51,Riyadh,40,1842.94
C01098,2025-04-29 23:14:55,11,Dammam,25,5868.41
C01099,2025-07-05 23:14:55,26,Jeddah,54,1452.82
C01100,2025-04-11 23:14:55,77,Riyadh,71,704.16
C01101,2025-02-20 23:14:55,44,Medina,95,10281.96
C01102,2024-12-30 23:14:55,30,Khobar,52,6825.91
C01103,2025-02-03 23:14:55,87,Dammam,23,9560.1
C01104,2025-06-19 23:14:55,85,Medina,21,12973.24
C01105,2025-06-16 23:14:55,69,Dammam,71,8808.85
C01106,2024-11-07 23:14:55,84,Mecca,22,12419.58
C01107,2025-04-29 23:14:55,50,Mecca,25,10102.61
C01108,2024-12-02 23:14:55,33,Medina,22,12565.68
C01109,2025-06-19 23:14:55,65,Dammam,99,2029.64
C01110,2024-12-05 23:14:55,31,Mecca,99,7391.47
C01111,2024-09-02 23:14:55,52,Mecca,47,8671.58
C01112,2025-06-09 23:14:55,99,Jeddah,82,4379.22
C01113,2025-05-21 23:14:55,66,Riyadh,54,832.6
C01114,2024-08-27 23:14:55,33,Dammam,69,8159.29
C01115,2024-08-24 23:14:55,88,Mecca,24,13713.3
C01116,2024-12-13 23:14:55,54,Khobar,73,4422.88
C01117,2025-07-02 23:14:55,92,Mecca,21,6199.63
C01118,2025-03-28 23:14:55,89,Khobar,49,1809.17
C01119,2025-05-02 23:14:55,76,Jeddah,50,11424.45
C01120,2024-12-15 23:14:55,32,Riyadh,77,9150.05
C01121,2025-02-26 23:14:55,90,Jeddah,60,14571.37
C01122,2024-08-13 23:14:55,48,Medina,63,6796.03
C01123,2025-05-02 23:14:55,95,Khobar,91,11143.72
C01124,2025-04-27 23:14:55,25,Khobar,47,12600.83
C01125,2025-07-06 23:14:55,39,Riyadh,75,5748.17
C01126,2025-08-08 23:14:55,63,Riyadh,43,12546.32
C01127,2025-06-12 23:14:55,38,Riyadh,24,14118.44
C01128,2024-08-17 23:14:55,96,Khobar,90,1060.74
C01129,2024-10-06 23:14:55,69,Khobar,47,10291.45
C01130,2025-06-07 23:14:55,100,Jeddah,53,9246.0
C01131,2025-03-27 23:14:55,28,Medina,21,3814.31
C01132,2024-08-11 23:14:55,28,Jeddah,55,2226.58
C01133,2025-08-14 23:14:55,55,Khobar,41,6232.82
C01134,2025-01-05 23:14:55,35,Dammam,86,9743.64
C01135,2024-12-26 23:14:55,88,Medina,21,9692.59
C01136,2024-08-16 23:14:55,58,Medina,34,3767.22
C01137,2024-10-25 23:14:55,98,Mecca,90,11565.38
C01138,2024-09-19 23:14:55,59,Mecca,49,9919.32
C01139,2024-10-09 23:14:55,88,Dammam,63,4391.0
C01140,2025-08-23 23:14:55,13,Medina,41,12259.24
C01141,2025-09-09 23:14:55,100,Jeddah,40,13172.02
C01142,2025-02-03 23:14:55,68,Riyadh,91,14799.61
C01143,2025-02-11 23:14:55,84,Jeddah,66,1583.49
C01144,2025-01-12 23:14:55,10,Mecca,60,7361.2
C01145,2024-09-14 23:14:55,30,Riyadh,81,2899.34
C01146,2025-09-03 23:14:55,97,Khobar,49,7815.59
C01147,2025-06-12 23:14:55,17,Dammam,26,176.7
C01148,2025-08-25 23:14:55,37,Dammam,95,227.18
C01149,2025-07-30 23:14:55,24,Dammam,27,8408.97
C01150,2025-08-19 23:14:55,82,Riyadh,42,12288.43
C01151,2025-06-19 23:14:55,24,Riyadh,20,2999.64
C01152,2024-12-09 23:14:55,77,Mecca,81,7699.76
C01153,2025-03-26 23:14:55,24,Dammam,57,1621.27
C01154,2024-12-30 23:14:55,84,Riyadh,40,6410.58
C01155,2025-04-20 23:14:55,17,Medina,30,13098.21
C01156,2025-02-24 23:14:55,32,Jeddah,56,12985.95
C01157,2024-11-13 23:14:55,55,Mecca,66,5556.07
C01158,2025-05-23 23:14:55,75,Khobar,81,788.36
C01159,2025-01-12 23:14:55,84,Jeddah,31,4793.98
C01160,2025-04-12 23:14:55,30,Riyadh,42,13806.0
C01161,2024-08-28 23:14:55,16,Khobar,66,8258.4
C01162,2025-06-03 23:14:55,27,Dammam,86,3440.49
C01163,2025-08-12 23:14:55,99,Mecca,67,14031.88
C01164,2025-01-10 23:14:55,52,Riyadh,59,3854.5
C01165,2024-11-05 23:14:55,61,Mecca,47,2764.46
C01166,2025-06-28 23:14:55,47,Jeddah,70,6104.29
C01167,2025-04-07 23:14:55,72,Riyadh,43,9005.53
C01168,2024-12-26 23:14:55,44,Mecca,39,2796.93
C01169,2025-09-01 23:14:55,88,Mecca,22,267.5
C01170,2024-08-28 23:14:55,47,Medina,48,11742.34
C01171,2025-07-25 23:14:55,15,Khobar,28,6536.64
C01172,2025-08-13 23:14:55,87,Medina,76,10923.69
C01173,2024-09-01 23:14:55,65,Khobar,78,9758.16
C01174,2025-05-06 23:14:55,41,Dammam,21,2450.18
C01175,2025-07-20 23:14:55,88,Mecca,47,13888.98
C01176,2025-08-28 23:14:55,74,Dammam,21,5596.27
C01177,2025-06-16 23:14:55,36,Riyadh,48,11629.25
C01178,2025-01-01 23:14:55,46,Medina,29,5372.67
C01179,2024-12-06 23:14:55,25,Jeddah,50,14062.7
C01180,2025-05-08 23:14:55,32,Mecca,89,9602.03
C01181,2025-07-18 23:14:55,56,Jeddah,30,9888.87
C01182,2025-01-30 23:14:55,40,Dammam,92,11043.27
C01183,2024-11-23 23:14:55,11,Jeddah,61,3393.27
C01184,2024-11-21 23:14:55,93,Khobar,94,8560.82
C01185,2024-09-11 23:14:55,54,Jeddah,62,12369.94
C01186,2025-06-29 23:14:55,80,Jeddah,81,5834.14
C01187,2025-04-12 23:14:55,92,Dammam,32,7851.2
C01188,2025-07-23 23:14:55,64,Khobar,36,10874.42
C01189,2025-06-10 23:14:55,59,Riyadh,34,12137.32
C01190,2025-06-04 23:14:55,60,Medina,38,3942.7
C01191,2024-10-24 23:14:55,47,Riyadh,35,8649.88
C01192,2025-01-19 23:14:55,95,Riyadh,100,3026.68
C01193,2024-08-18 23:14:55,83,Jeddah,60,8495.2
C01194,2025-06-28 23:14:55,85,Dammam,66,13162.68
C01195,2025-04-30 23:14:55,13,Riyadh,62,10938.96
C01196,2025-04-29 23:14:55,90,Riyadh,69,3583.99
C01197,2025-07-04 23:14:55,21,Jeddah,90,2773.0
C01198,2025-09-03 23:14:55,11,Jeddah,70,11647.51
C01199,2024-08-29 23:14:55,27,Riyadh,74,8327.54
C01200,2025-02-10 23:14:55,22,Riyadh,25,8395.41
