customerid,joindate,city,segment,support_tickets
CUST_00000,2021-10-16,Riyadh,Retail,0
CUST_00001,2020-08-16,Jeddah,Retail,0
CUST_00002,2021-07-12,Riyadh,Retail,0
CUST_00003,2020-04-05,Jeddah,Retail,0
CUST_00004,2021-07-28,Jeddah,Retail,1
CUST_00005,2021-03-05,Jeddah,Retail,0
CUST_00006,2022-06-09,Riyadh,Retail,0
CUST_00007,2021-03-08,Dammam,Retail,0
CUST_00008,2022-02-20,Dammam,Retail,0
CUST_00009,2021-01-02,Dammam,Retail,1
CUST_00010,2022-01-17,Mecca,Retail,3
CUST_00011,2021-01-22,Riyadh,Retail,1
CUST_00012,2021-09-25,Dammam,Retail,1
CUST_00013,2020-02-16,Jeddah,Retail,3
CUST_00014,2022-05-25,Jeddah,VIP,0
CUST_00015,2021-04-09,Dammam,Retail,0
CUST_00016,2021-11-17,Dammam,Retail,0
CUST_00017,2020-03-14,Medina,Retail,0
CUST_00018,2020-09-07,Jeddah,Retail,0
CUST_00019,2021-10-17,Medina,Retail,0
CUST_00020,2022-02-25,Riyadh,Retail,0
CUST_00021,2020-11-19,Mecca,Retail,0
CUST_00022,2021-08-03,Dammam,Retail,0
CUST_00023,2021-10-20,Mecca,Retail,0
CUST_00024,2022-02-01,Medina,Retail,1
CUST_00025,2021-03-14,Medina,Retail,0
CUST_00026,2020-05-21,Medina,Retail,1
CUST_00027,2022-05-31,Riyadh,Retail,0
CUST_00028,2021-11-27,Mecca,Retail,0
CUST_00029,2021-09-02,Mecca,Retail,3
CUST_00030,2022-05-31,Riyadh,Retail,0
CUST_00031,2021-07-03,Dammam,Retail,0
CUST_00032,2020-10-27,Mecca,Retail,0
CUST_00033,2022-01-09,Dammam,Corporate,1
CUST_00034,2021-06-03,Riyadh,VIP,0
CUST_00035,2021-10-16,Medina,Retail,0
CUST_00036,2022-02-19,Jeddah,Retail,1
CUST_00037,2021-06-27,Riyadh,Retail,0
CUST_00038,2020-04-24,Dammam,VIP,1
CUST_00039,2020-11-10,Jeddah,Retail,1
CUST_00040,2020-03-21,Riyadh,Retail,1
CUST_00041,2022-02-17,Medina,Retail,0
CUST_00042,2021-05-01,Medina,Retail,0
CUST_00043,2021-09-13,Mecca,Corporate,2
CUST_00044,2022-02-12,Jeddah,Retail,0
CUST_00045,2021-11-18,Dammam,Retail,0
CUST_00046,2020-05-03,Jeddah,Retail,0
CUST_00047,2021-08-25,Medina,Retail,0
CUST_00048,2020-03-13,Riyadh,Retail,2
CUST_00049,2022-05-30,Dammam,Retail,0
CUST_00050,2021-11-16,Mecca,Retail,0
CUST_00051,2021-08-07,Medina,Retail,1
CUST_00052,2022-04-06,Mecca,Retail,0
CUST_00053,2021-03-17,Dammam,Retail,0
CUST_00054,2022-01-16,Riyadh,Retail,3
CUST_00055,2020-04-10,Riyadh,Retail,0
CUST_00056,2022-06-01,Riyadh,Retail,0
CUST_00057,2021-04-04,Jeddah,Retail,0
CUST_00058,2020-09-12,Riyadh,Retail,1
CUST_00059,2021-07-17,Riyadh,Retail,3
CUST_00060,2022-05-06,Riyadh,Corporate,2
CUST_00061,2022-05-19,Jeddah,Retail,0
CUST_00062,2020-08-06,Mecca,Corporate,0
CUST_00063,2020-01-03,Mecca,Retail,1
CUST_00064,2021-04-10,Dammam,Retail,2
CUST_00065,2022-03-13,Medina,Retail,0
CUST_00066,2020-07-13,Dammam,Retail,0
CUST_00067,2022-01-23,Medina,Retail,0
CUST_00068,2020-02-21,Medina,Retail,2
CUST_00069,2021-06-27,Jeddah,Retail,0
CUST_00070,2022-05-21,Jeddah,Retail,0
CUST_00071,2022-06-01,Jeddah,Retail,2
CUST_00072,2021-08-06,Jeddah,Retail,0
CUST_00073,2020-03-24,Mecca,Retail,0
CUST_00074,2020-11-19,Dammam,Retail,1
CUST_00075,2020-09-01,Dammam,Retail,0
CUST_00076,2020-11-03,Mecca,Retail,1
CUST_00077,2020-03-15,Riyadh,Retail,3
CUST_00078,2020-04-12,Riyadh,Retail,0
CUST_00079,2020-05-15,Dammam,VIP,1
CUST_00080,2021-01-13,Dammam,Retail,1
CUST_00081,2021-12-21,Dammam,Retail,3
CUST_00082,2021-10-31,Medina,Retail,1
CUST_00083,2020-11-02,Riyadh,Corporate,0
CUST_00084,2020-04-28,Riyadh,Retail,0
CUST_00085,2020-10-15,Medina,Retail,0
CUST_00086,2021-12-04,Dammam,Retail,0
CUST_00087,2022-05-16,Riyadh,Retail,0
CUST_00088,2020-10-10,Riyadh,Retail,1
CUST_00089,2021-10-14,Dammam,Retail,0
CUST_00090,2021-12-23,Mecca,Retail,0
CUST_00091,2021-12-08,Jeddah,Retail,1
CUST_00092,2021-08-19,Medina,Retail,0
CUST_00093,2020-11-11,Dammam,VIP,1
CUST_00094,2022-05-31,Riyadh,VIP,0
CUST_00095,2020-09-12,Riyadh,Retail,0
CUST_00096,2022-06-14,Mecca,Corporate,1
CUST_00097,2020-08-30,Jeddah,Corporate,1
CUST_00098,2021-02-26,Riyadh,Retail,2
CUST_00099,2022-03-12,Mecca,VIP,1
CUST_00100,2022-04-10,Jeddah,Retail,1
CUST_00101,2020-04-20,Mecca,VIP,1
CUST_00102,2020-08-15,Jeddah,VIP,0
CUST_00103,2020-11-08,Jeddah,Retail,0
CUST_00104,2021-02-12,Dammam,Retail,0
CUST_00105,2022-03-02,Dammam,Retail,0
CUST_00106,2021-11-26,Medina,Retail,0
CUST_00107,2022-06-17,Dammam,Retail,2
CUST_00108,2020-09-28,Riyadh,Retail,0
CUST_00109,2022-01-16,Dammam,Retail,3
CUST_00110,2020-04-28,Mecca,VIP,0
CUST_00111,2020-02-15,Mecca,Retail,2
CUST_00112,2021-07-05,Jeddah,Retail,0
CUST_00113,2021-11-11,Dammam,Retail,0
CUST_00114,2020-05-07,Dammam,Retail,0
CUST_00115,2020-11-30,Mecca,Retail,0
CUST_00116,2020-07-15,Mecca,Retail,0
CUST_00117,2022-02-05,Jeddah,Retail,0
CUST_00118,2021-07-15,Riyadh,Retail,0
CUST_00119,2022-03-15,Medina,Retail,0
CUST_00120,2021-03-28,Mecca,Retail,0
CUST_00121,2022-03-23,Jeddah,Retail,0
CUST_00122,2021-11-10,Medina,Retail,1
CUST_00123,2022-02-08,Jeddah,Retail,0
CUST_00124,2020-07-22,Jeddah,Retail,0
CUST_00125,2021-05-01,Medina,VIP,0
CUST_00126,2021-02-28,Medina,Retail,0
CUST_00127,2021-05-21,Mecca,Retail,0
CUST_00128,2020-01-06,Riyadh,Retail,0
CUST_00129,2022-04-03,Medina,Retail,0
CUST_00130,2022-05-18,Riyadh,Retail,1
CUST_00131,2021-11-14,Medina,Corporate,0
CUST_00132,2022-02-12,Mecca,Retail,1
CUST_00133,2021-05-31,Mecca,VIP,0
CUST_00134,2020-06-11,Mecca,Retail,1
CUST_00135,2022-05-10,Dammam,Retail,0
CUST_00136,2021-10-03,Jeddah,Retail,0
CUST_00137,2020-10-19,Jeddah,Retail,0
CUST_00138,2021-07-07,Riyadh,Retail,0
CUST_00139,2021-12-11,Jeddah,Retail,0
CUST_00140,2021-02-21,Dammam,Retail,0
CUST_00141,2020-07-30,Mecca,Retail,1
CUST_00142,2021-12-13,Riyadh,VIP,1
CUST_00143,2021-01-24,Mecca,Retail,0
CUST_00144,2022-02-10,Mecca,VIP,2
CUST_00145,2021-03-05,Medina,Retail,0
CUST_00146,2021-09-09,Jeddah,Retail,0
CUST_00147,2021-05-12,Riyadh,Retail,0
CUST_00148,2022-03-28,Mecca,Retail,1
CUST_00149,2020-05-10,Medina,Retail,2
CUST_00150,2021-08-29,Medina,Retail,0
CUST_00151,2021-03-14,Jeddah,VIP,0
CUST_00152,2020-09-23,Mecca,Retail,0
CUST_00153,2020-12-11,Mecca,Retail,2
CUST_00154,2021-03-07,Dammam,VIP,0
CUST_00155,2022-02-06,Medina,Retail,2
CUST_00156,2020-08-17,Riyadh,Retail,0
CUST_00157,2022-02-11,Riyadh,Corporate,0
CUST_00158,2020-01-21,Medina,Retail,0
CUST_00159,2021-11-16,Riyadh,Retail,0
CUST_00160,2021-12-17,Dammam,Retail,0
CUST_00161,2021-09-13,Riyadh,Retail,0
CUST_00162,2020-11-14,Riyadh,Retail,2
CUST_00163,2021-08-12,Mecca,Retail,1
CUST_00164,2020-03-18,Medina,Retail,0
CUST_00165,2020-04-14,Dammam,VIP,0
CUST_00166,2020-05-03,Medina,Retail,0
CUST_00167,2021-03-14,Dammam,Retail,0
CUST_00168,2020-01-13,Mecca,VIP,0
CUST_00169,2021-01-05,Mecca,Retail,0
CUST_00170,2022-01-21,Medina,Corporate,0
CUST_00171,2022-04-07,Medina,Retail,0
CUST_00172,2022-04-25,Medina,Retail,1
CUST_00173,2022-04-30,Riyadh,Retail,0
CUST_00174,2022-02-07,Mecca,Retail,0
CUST_00175,2020-12-10,Riyadh,Retail,0
CUST_00176,2021-05-14,Jeddah,Retail,0
CUST_00177,2020-10-13,Medina,Retail,0
CUST_00178,2020-01-11,Medina,Corporate,0
CUST_00179,2022-01-07,Mecca,Retail,1
CUST_00180,2021-12-08,Mecca,Retail,0
CUST_00181,2022-03-22,Riyadh,Retail,0
CUST_00182,2021-12-09,Jeddah,Retail,0
CUST_00183,2021-04-29,Medina,Retail,0
CUST_00184,2022-02-02,Medina,Retail,1
CUST_00185,2020-10-04,Dammam,Retail,0
CUST_00186,2020-07-16,Dammam,Retail,0
CUST_00187,2022-02-19,Jeddah,Retail,1
CUST_00188,2020-10-10,Medina,Corporate,0
CUST_00189,2020-10-16,Riyadh,VIP,0
CUST_00190,2021-01-04,Jeddah,Retail,1
CUST_00191,2020-05-09,Dammam,Retail,0
CUST_00192,2020-10-26,Jeddah,Retail,1
CUST_00193,2020-04-15,Riyadh,Retail,0
CUST_00194,2021-03-27,Dammam,Retail,0
CUST_00195,2022-06-01,Mecca,Retail,0
CUST_00196,2021-05-18,Riyadh,Retail,0
CUST_00197,2020-06-04,Jeddah,VIP,2
CUST_00198,2020-03-28,Jeddah,Retail,1
CUST_00199,2021-09-12,Medina,Retail,0
CUST_00200,2021-06-19,Mecca,Retail,0
CUST_00201,2022-05-30,Medina,Corporate,0
CUST_00202,2021-09-27,Riyadh,Retail,1
CUST_00203,2022-02-20,Jeddah,Retail,0
CUST_00204,2020-03-24,Jeddah,Retail,0
CUST_00205,2020-06-09,Riyadh,Retail,0
CUST_00206,2021-04-26,Dammam,Retail,0
CUST_00207,2020-10-16,Mecca,Retail,0
CUST_00208,2020-09-27,Medina,Retail,2
CUST_00209,2021-03-11,Riyadh,Retail,0
CUST_00210,2020-09-29,Jeddah,Retail,0
CUST_00211,2020-11-10,Medina,Retail,0
CUST_00212,2020-10-22,Mecca,Retail,0
CUST_00213,2021-12-17,Mecca,Corporate,0
CUST_00214,2021-05-20,Mecca,Retail,0
CUST_00215,2021-03-18,Dammam,Retail,0
CUST_00216,2020-08-22,Medina,Retail,0
CUST_00217,2022-02-22,Dammam,Retail,1
CUST_00218,2020-06-28,Mecca,Retail,0
CUST_00219,2020-10-11,Jeddah,Corporate,0
CUST_00220,2022-04-13,Mecca,Corporate,0
CUST_00221,2021-02-22,Dammam,Retail,0
CUST_00222,2020-06-13,Dammam,Retail,0
CUST_00223,2021-11-09,Mecca,VIP,0
CUST_00224,2021-04-10,Riyadh,Retail,0
CUST_00225,2022-03-02,Mecca,VIP,1
CUST_00226,2020-01-02,Medina,Retail,0
CUST_00227,2021-06-14,Dammam,Retail,0
CUST_00228,2021-03-28,Riyadh,Retail,0
CUST_00229,2020-10-21,Mecca,VIP,0
CUST_00230,2020-01-30,Medina,Retail,1
CUST_00231,2020-11-14,Medina,Retail,0
CUST_00232,2020-08-18,Riyadh,Retail,0
CUST_00233,2022-05-02,Jeddah,Retail,1
CUST_00234,2021-06-05,Dammam,Retail,0
CUST_00235,2021-04-28,Jeddah,Retail,0
CUST_00236,2020-07-14,Medina,Retail,1
CUST_00237,2022-06-03,Riyadh,Retail,1
CUST_00238,2021-02-28,Dammam,Corporate,0
CUST_00239,2022-04-20,Riyadh,Retail,0
CUST_00240,2021-08-24,Medina,Corporate,0
CUST_00241,2020-06-01,Mecca,Retail,0
CUST_00242,2021-07-19,Medina,Retail,2
CUST_00243,2022-06-09,Jeddah,Corporate,0
CUST_00244,2021-01-27,Jeddah,VIP,0
CUST_00245,2020-11-21,Mecca,Retail,1
CUST_00246,2021-01-30,Jeddah,Retail,0
CUST_00247,2021-05-29,Medina,Retail,0
CUST_00248,2022-05-15,Mecca,Retail,2
CUST_00249,2020-01-16,Jeddah,Retail,0
CUST_00250,2020-06-07,Riyadh,Retail,2
CUST_00251,2020-12-12,Medina,Retail,0
CUST_00252,2022-05-22,Dammam,VIP,1
CUST_00253,2021-01-24,Dammam,Retail,1
CUST_00254,2021-05-14,Medina,Retail,0
CUST_00255,2021-10-08,Dammam,Corporate,1
CUST_00256,2021-03-20,Riyadh,Retail,1
CUST_00257,2020-04-12,Mecca,Retail,0
CUST_00258,2020-01-30,Riyadh,Retail,0
CUST_00259,2021-01-02,Dammam,Retail,0
CUST_00260,2021-02-25,Medina,Retail,0
CUST_00261,2020-06-28,Riyadh,Retail,0
CUST_00262,2021-11-30,Jeddah,Retail,0
CUST_00263,2020-08-25,Mecca,Retail,0
CUST_00264,2021-11-13,Riyadh,VIP,0
CUST_00265,2020-10-21,Medina,Retail,0
CUST_00266,2020-12-19,Medina,Retail,2
CUST_00267,2021-12-07,Dammam,Retail,0
CUST_00268,2021-01-28,Mecca,Retail,0
CUST_00269,2021-01-02,Medina,Retail,0
CUST_00270,2020-01-23,Mecca,Retail,0
CUST_00271,2021-12-03,Riyadh,Corporate,1
CUST_00272,2022-05-02,Dammam,Retail,0
CUST_00273,2022-04-01,Dammam,Retail,0
CUST_00274,2020-09-13,Jeddah,Retail,2
CUST_00275,2021-10-23,Riyadh,Retail,0
CUST_00276,2021-08-16,Dammam,Retail,0
CUST_00277,2020-10-29,Dammam,Retail,0
CUST_00278,2020-05-15,Medina,VIP,0
CUST_00279,2021-05-28,Dammam,VIP,0
CUST_00280,2022-04-24,Mecca,Corporate,0
CUST_00281,2022-06-10,Dammam,VIP,0
CUST_00282,2020-03-18,Jeddah,Retail,0
CUST_00283,2021-11-23,Mecca,Corporate,1
CUST_00284,2021-01-09,Riyadh,Retail,0
CUST_00285,2021-07-03,Riyadh,Retail,0
CUST_00286,2021-11-19,Dammam,Retail,1
CUST_00287,2021-01-15,Riyadh,Retail,0
CUST_00288,2021-09-26,Medina,Retail,0
CUST_00289,2021-10-25,Riyadh,Retail,0
CUST_00290,2021-12-18,Dammam,Retail,0
CUST_00291,2020-02-16,Riyadh,Retail,0
CUST_00292,2020-04-09,Jeddah,VIP,0
CUST_00293,2021-04-09,Dammam,Retail,1
CUST_00294,2021-07-07,Mecca,Retail,1
CUST_00295,2021-02-28,Riyadh,VIP,0
CUST_00296,2020-10-13,Riyadh,Retail,0
CUST_00297,2021-03-31,Jeddah,VIP,0
CUST_00298,2021-12-03,Dammam,Retail,3
CUST_00299,2021-01-02,Riyadh,Retail,0
CUST_00300,2020-05-05,Mecca,Retail,0
CUST_00301,2021-10-16,Medina,Corporate,0
CUST_00302,2020-12-07,Jeddah,Corporate,1
CUST_00303,2020-07-29,Riyadh,VIP,0
CUST_00304,2021-08-23,Jeddah,VIP,0
CUST_00305,2022-03-03,Jeddah,Retail,0
CUST_00306,2020-10-10,Jeddah,Corporate,0
CUST_00307,2022-03-28,Jeddah,Retail,1
CUST_00308,2020-05-14,Riyadh,Retail,1
CUST_00309,2021-08-25,Dammam,Retail,0
CUST_00310,2020-05-09,Mecca,Retail,1
CUST_00311,2021-05-02,Mecca,Retail,0
CUST_00312,2020-04-21,Mecca,Retail,2
CUST_00313,2020-02-14,Medina,Retail,0
CUST_00314,2020-02-01,Riyadh,Corporate,1
CUST_00315,2021-03-12,Riyadh,Retail,2
CUST_00316,2020-03-16,Riyadh,Retail,0
CUST_00317,2020-05-09,Dammam,Retail,0
CUST_00318,2021-12-30,Dammam,Retail,0
CUST_00319,2020-10-28,Mecca,Retail,0
CUST_00320,2022-03-23,Riyadh,VIP,0
CUST_00321,2022-02-26,Medina,Retail,0
CUST_00322,2021-04-07,Jeddah,Retail,1
CUST_00323,2021-02-12,Mecca,Retail,0
CUST_00324,2020-11-16,Dammam,Retail,0
CUST_00325,2021-04-30,Riyadh,Retail,0
CUST_00326,2021-03-18,Riyadh,Retail,0
CUST_00327,2020-05-13,Medina,Retail,2
CUST_00328,2021-07-29,Dammam,Retail,0
CUST_00329,2022-06-13,Mecca,VIP,1
CUST_00330,2020-10-21,Medina,Retail,0
CUST_00331,2021-06-03,Jeddah,Retail,0
CUST_00332,2022-05-17,Riyadh,Retail,0
CUST_00333,2020-04-27,Dammam,Retail,1
CUST_00334,2022-05-15,Medina,Corporate,1
CUST_00335,2021-09-20,Medina,Retail,2
CUST_00336,2022-04-29,Dammam,Retail,0
CUST_00337,2022-02-19,Dammam,Corporate,0
CUST_00338,2020-07-04,Jeddah,Retail,0
CUST_00339,2020-05-25,Riyadh,Retail,0
CUST_00340,2021-01-20,Mecca,Retail,0
CUST_00341,2020-11-15,Dammam,Retail,0
CUST_00342,2020-03-27,Riyadh,Retail,1
CUST_00343,2020-02-20,Riyadh,Retail,0
CUST_00344,2021-05-12,Medina,Retail,0
CUST_00345,2022-02-12,Medina,Retail,0
CUST_00346,2020-10-17,Medina,Retail,0
CUST_00347,2020-02-16,Jeddah,Retail,0
CUST_00348,2020-01-08,Jeddah,Retail,0
CUST_00349,2020-05-20,Dammam,Retail,0
CUST_00350,2021-05-24,Mecca,Retail,0
CUST_00351,2021-12-21,Jeddah,Retail,1
CUST_00352,2022-04-05,Dammam,Retail,1
CUST_00353,2020-02-13,Mecca,Retail,2
CUST_00354,2022-06-01,Dammam,Retail,0
CUST_00355,2021-12-27,Mecca,Retail,0
CUST_00356,2020-11-28,Jeddah,VIP,0
CUST_00357,2022-05-01,Dammam,Retail,1
CUST_00358,2020-09-06,Mecca,Retail,0
CUST_00359,2021-02-09,Dammam,Retail,0
CUST_00360,2022-03-08,Jeddah,Retail,0
CUST_00361,2021-06-27,Medina,Retail,1
CUST_00362,2020-12-25,Jeddah,Retail,0
CUST_00363,2020-07-21,Jeddah,Retail,1
CUST_00364,2021-11-02,Riyadh,Retail,1
CUST_00365,2021-05-20,Mecca,Retail,1
CUST_00366,2021-04-04,Medina,Retail,3
CUST_00367,2020-11-26,Dammam,Retail,0
CUST_00368,2021-03-28,Dammam,Retail,0
CUST_00369,2020-12-26,Medina,Retail,0
CUST_00370,2020-02-08,Riyadh,Retail,0
CUST_00371,2021-10-22,Riyadh,Retail,0
CUST_00372,2021-04-18,Medina,Retail,1
CUST_00373,2020-02-12,Mecca,Corporate,0
CUST_00374,2020-07-11,Dammam,Retail,0
CUST_00375,2020-03-04,Mecca,Retail,1
CUST_00376,2020-12-17,Riyadh,Retail,0
CUST_00377,2020-09-10,Mecca,Corporate,0
CUST_00378,2021-09-16,Jeddah,Retail,2
CUST_00379,2021-01-31,Mecca,Retail,0
CUST_00380,2020-02-23,Dammam,Retail,0
CUST_00381,2021-11-25,Mecca,Retail,1
CUST_00382,2021-11-03,Medina,VIP,0
CUST_00383,2021-08-19,Jeddah,Corporate,0
CUST_00384,2021-11-02,Mecca,Retail,1
CUST_00385,2020-03-27,Dammam,Retail,0
CUST_00386,2020-12-02,Jeddah,Retail,1
CUST_00387,2022-01-26,Medina,Retail,0
CUST_00388,2021-06-04,Dammam,Retail,0
CUST_00389,2020-08-07,Dammam,Corporate,0
CUST_00390,2020-08-19,Jeddah,Retail,0
CUST_00391,2022-03-18,Riyadh,Retail,0
CUST_00392,2022-01-26,Medina,Retail,0
CUST_00393,2022-02-23,Medina,Retail,0
CUST_00394,2020-06-15,Jeddah,VIP,1
CUST_00395,2022-04-08,Jeddah,Retail,0
CUST_00396,2021-01-08,Jeddah,Corporate,0
CUST_00397,2022-02-09,Mecca,Retail,0
CUST_00398,2022-04-08,Mecca,Corporate,0
CUST_00399,2021-11-25,Medina,Corporate,0
CUST_00400,2020-10-15,Mecca,Retail,0
CUST_00401,2020-06-14,Jeddah,VIP,0
CUST_00402,2020-09-13,Riyadh,Retail,1
CUST_00403,2021-07-21,Riyadh,Retail,0
CUST_00404,2020-05-07,Dammam,Retail,0
CUST_00405,2021-04-05,Medina,Retail,0
CUST_00406,2020-08-15,Mecca,VIP,2
CUST_00407,2021-02-28,Riyadh,Retail,0
CUST_00408,2021-01-30,Riyadh,Retail,0
CUST_00409,2020-04-11,Dammam,Retail,0
CUST_00410,2020-10-20,Mecca,Retail,0
CUST_00411,2021-12-23,Mecca,Retail,0
CUST_00412,2020-03-22,Riyadh,Retail,1
CUST_00413,2021-07-15,Medina,Retail,0
CUST_00414,2020-10-22,Jeddah,Retail,0
CUST_00415,2021-03-05,Medina,Retail,0
CUST_00416,2021-05-26,Medina,Retail,0
CUST_00417,2021-08-11,Jeddah,Retail,0
CUST_00418,2020-01-02,Medina,Retail,0
CUST_00419,2020-07-10,Riyadh,Retail,0
CUST_00420,2021-06-22,Medina,Retail,3
CUST_00421,2021-07-21,Riyadh,Retail,0
CUST_00422,2021-10-12,Mecca,Corporate,0
CUST_00423,2020-01-17,Dammam,Retail,0
CUST_00424,2022-01-20,Riyadh,Retail,1
CUST_00425,2020-12-06,Jeddah,Retail,0
CUST_00426,2022-04-13,Jeddah,VIP,0
CUST_00427,2021-12-13,Mecca,Retail,1
CUST_00428,2020-03-05,Mecca,Retail,0
CUST_00429,2022-03-21,Jeddah,VIP,0
CUST_00430,2020-11-13,Medina,Retail,1
CUST_00431,2021-04-29,Dammam,Retail,0
CUST_00432,2020-10-19,Dammam,VIP,0
CUST_00433,2021-11-02,Dammam,Retail,1
CUST_00434,2021-03-23,Mecca,Retail,1
CUST_00435,2021-01-30,Dammam,Corporate,0
CUST_00436,2021-05-24,Dammam,Corporate,0
CUST_00437,2022-03-31,Riyadh,Retail,0
CUST_00438,2021-09-08,Jeddah,Retail,0
CUST_00439,2020-03-22,Dammam,Retail,0
CUST_00440,2021-09-09,Mecca,Retail,0
CUST_00441,2021-04-02,Riyadh,Retail,2
CUST_00442,2021-09-21,Mecca,Retail,3
CUST_00443,2020-02-28,Riyadh,Retail,0
CUST_00444,2021-06-09,Jeddah,Corporate,0
CUST_00445,2021-09-14,Mecca,Retail,0
CUST_00446,2022-03-08,Dammam,Retail,2
CUST_00447,2020-02-03,Medina,Retail,0
CUST_00448,2021-01-14,Dammam,Retail,0
CUST_00449,2020-05-20,Medina,Retail,0
CUST_00450,2020-10-12,Jeddah,Corporate,0
CUST_00451,2020-07-09,Mecca,Retail,2
CUST_00452,2020-04-30,Dammam,Retail,1
CUST_00453,2020-08-07,Medina,Retail,2
CUST_00454,2021-05-17,Jeddah,Retail,1
CUST_00455,2021-04-07,Jeddah,VIP,0
CUST_00456,2020-03-30,Dammam,Retail,1
CUST_00457,2021-07-17,Medina,Retail,0
CUST_00458,2020-06-10,Jeddah,Retail,0
CUST_00459,2020-05-04,Jeddah,Retail,0
CUST_00460,2021-05-20,Riyadh,Retail,0
CUST_00461,2021-04-23,Medina,Retail,1
CUST_00462,2020-03-08,Dammam,Retail,1
CUST_00463,2021-05-05,Medina,Retail,0
CUST_00464,2021-08-11,Riyadh,Retail,0
CUST_00465,2020-03-16,Mecca,Retail,0
CUST_00466,2020-05-11,Medina,Retail,0
CUST_00467,2020-05-12,Mecca,Retail,1
CUST_00468,2022-05-01,Riyadh,Retail,0
CUST_00469,2020-06-14,Dammam,Corporate,0
CUST_00470,2021-06-15,Dammam,VIP,0
CUST_00471,2021-10-12,Medina,Retail,0
CUST_00472,2021-09-21,Medina,Retail,0
CUST_00473,2021-08-29,Medina,Retail,0
CUST_00474,2022-01-07,Medina,Retail,2
CUST_00475,2020-02-12,Riyadh,Retail,2
CUST_00476,2022-02-28,Medina,Retail,0
CUST_00477,2021-08-08,Mecca,Retail,0
CUST_00478,2021-10-04,Medina,Retail,2
CUST_00479,2021-05-09,Jeddah,VIP,0
CUST_00480,2020-10-31,Mecca,Retail,0
CUST_00481,2021-03-26,Mecca,Retail,0
CUST_00482,2021-09-13,Jeddah,Retail,1
CUST_00483,2022-01-21,Dammam,Corporate,0
CUST_00484,2021-01-14,Medina,Retail,0
CUST_00485,2021-04-22,Riyadh,Retail,0
CUST_00486,2020-04-09,Riyadh,Retail,0
CUST_00487,2021-09-22,Mecca,Retail,1
CUST_00488,2020-06-12,Dammam,Corporate,1
CUST_00489,2020-07-13,Jeddah,Retail,0
CUST_00490,2021-05-25,Dammam,Retail,0
CUST_00491,2021-02-06,Medina,Retail,0
CUST_00492,2021-08-20,Dammam,Retail,0
CUST_00493,2021-09-03,Mecca,Retail,0
CUST_00494,2020-04-20,Mecca,Retail,0
CUST_00495,2021-01-09,Mecca,Retail,0
CUST_00496,2021-08-06,Medina,Retail,0
CUST_00497,2020-03-16,Mecca,Retail,1
CUST_00498,2020-10-13,Medina,Retail,0
CUST_00499,2020-04-09,Mecca,Retail,3
CUST_00500,2021-07-25,Dammam,Retail,0
CUST_00501,2021-06-05,Mecca,Retail,0
CUST_00502,2020-05-20,Dammam,VIP,0
CUST_00503,2020-06-01,Medina,VIP,0
CUST_00504,2021-09-19,Dammam,Retail,3
CUST_00505,2022-01-27,Dammam,Retail,0
CUST_00506,2021-06-05,Medina,Retail,0
CUST_00507,2021-05-01,Riyadh,Retail,0
CUST_00508,2021-03-02,Medina,Retail,1
CUST_00509,2022-06-12,Riyadh,Retail,0
CUST_00510,2021-11-02,Medina,Retail,1
CUST_00511,2021-08-20,Mecca,Retail,0
CUST_00512,2021-09-26,Mecca,Retail,0
CUST_00513,2020-02-02,Medina,Corporate,0
CUST_00514,2020-01-20,Mecca,Retail,0
CUST_00515,2021-12-08,Jeddah,Retail,1
CUST_00516,2021-04-27,Riyadh,Retail,0
CUST_00517,2021-07-28,Dammam,Corporate,0
CUST_00518,2021-01-20,Dammam,Corporate,0
CUST_00519,2021-06-29,Dammam,Retail,0
CUST_00520,2022-06-07,Dammam,Retail,0
CUST_00521,2020-09-09,Dammam,Retail,0
CUST_00522,2020-10-31,Dammam,Retail,0
CUST_00523,2021-05-15,Dammam,Retail,0
CUST_00524,2022-03-25,Dammam,Retail,0
CUST_00525,2021-07-10,Mecca,VIP,0
CUST_00526,2020-12-19,Jeddah,Retail,0
CUST_00527,2022-01-01,Riyadh,Retail,0
CUST_00528,2020-09-19,Mecca,Retail,1
CUST_00529,2020-10-04,Medina,Retail,0
CUST_00530,2021-09-22,Medina,Retail,0
CUST_00531,2021-06-27,Jeddah,Retail,0
CUST_00532,2021-02-27,Dammam,Retail,0
CUST_00533,2022-02-28,Jeddah,Retail,0
CUST_00534,2020-06-10,Mecca,Retail,1
CUST_00535,2021-05-02,Mecca,Retail,1
CUST_00536,2020-10-21,Dammam,Retail,0
CUST_00537,2022-02-26,Riyadh,Retail,0
CUST_00538,2022-01-26,Riyadh,Corporate,0
CUST_00539,2022-05-07,Jeddah,Corporate,0
CUST_00540,2022-05-06,Mecca,Retail,0
CUST_00541,2022-02-05,Dammam,VIP,0
CUST_00542,2021-08-04,Medina,Retail,3
CUST_00543,2020-10-18,Mecca,Corporate,0
CUST_00544,2021-05-20,Jeddah,VIP,0
CUST_00545,2020-07-16,Riyadh,Retail,1
CUST_00546,2021-10-25,Dammam,Retail,0
CUST_00547,2020-12-11,Dammam,Retail,1
CUST_00548,2020-06-28,Medina,VIP,1
CUST_00549,2022-04-26,Mecca,Retail,0
CUST_00550,2021-11-16,Riyadh,Retail,0
CUST_00551,2020-11-27,Jeddah,Retail,0
CUST_00552,2021-04-02,Dammam,Corporate,0
CUST_00553,2022-01-10,Medina,Retail,0
CUST_00554,2021-12-10,Jeddah,Retail,0
CUST_00555,2020-11-10,Jeddah,Retail,0
CUST_00556,2021-12-21,Dammam,Retail,0
CUST_00557,2020-10-29,Dammam,Retail,0
CUST_00558,2020-05-16,Mecca,Retail,1
CUST_00559,2021-09-12,Dammam,Retail,0
CUST_00560,2021-04-27,Medina,VIP,1
CUST_00561,2022-02-19,Jeddah,Retail,0
CUST_00562,2022-03-17,Riyadh,Retail,0
CUST_00563,2021-01-05,Riyadh,Corporate,0
CUST_00564,2022-04-28,Medina,Corporate,0
CUST_00565,2021-07-03,Jeddah,Retail,1
CUST_00566,2021-03-28,Riyadh,Retail,1
CUST_00567,2021-05-15,Riyadh,VIP,0
CUST_00568,2020-02-26,Mecca,Retail,0
CUST_00569,2021-07-31,Riyadh,Retail,0
CUST_00570,2020-11-11,Riyadh,Retail,1
CUST_00571,2022-02-02,Jeddah,Retail,0
CUST_00572,2020-12-18,Riyadh,Retail,0
CUST_00573,2020-03-11,Mecca,Retail,0
CUST_00574,2022-02-26,Jeddah,Retail,3
CUST_00575,2021-10-23,Mecca,Retail,1
CUST_00576,2021-04-04,Mecca,Retail,0
CUST_00577,2021-11-08,Medina,Retail,1
CUST_00578,2020-05-01,Jeddah,Corporate,0
CUST_00579,2020-05-10,Jeddah,VIP,1
CUST_00580,2020-11-01,Mecca,Retail,0
CUST_00581,2021-06-28,Mecca,VIP,0
CUST_00582,2020-12-20,Jeddah,Retail,2
CUST_00583,2022-01-12,Riyadh,Retail,0
CUST_00584,2021-09-21,Riyadh,Retail,0
CUST_00585,2021-08-31,Riyadh,Retail,0
CUST_00586,2022-06-12,Riyadh,Retail,0
CUST_00587,2021-03-25,Jeddah,Retail,1
CUST_00588,2022-03-05,Riyadh,Retail,3
CUST_00589,2020-08-27,Medina,Retail,0
CUST_00590,2021-11-19,Dammam,Retail,1
CUST_00591,2021-11-07,Medina,Retail,0
CUST_00592,2020-03-03,Medina,Corporate,1
CUST_00593,2020-06-28,Mecca,Retail,0
CUST_00594,2020-12-18,Mecca,Retail,0
CUST_00595,2021-03-02,Mecca,Retail,0
CUST_00596,2022-02-11,Medina,Retail,1
CUST_00597,2020-11-03,Jeddah,VIP,2
CUST_00598,2021-07-29,Mecca,Corporate,0
CUST_00599,2020-05-17,Mecca,Retail,0
CUST_00600,2021-10-24,Riyadh,Corporate,1
CUST_00601,2020-04-04,Medina,Retail,0
CUST_00602,2020-10-01,Mecca,Retail,0
CUST_00603,2022-06-13,Riyadh,Retail,1
CUST_00604,2022-01-11,Medina,Retail,0
CUST_00605,2020-12-06,Dammam,Corporate,0
CUST_00606,2020-07-13,Riyadh,Retail,1
CUST_00607,2020-09-05,Medina,Retail,0
CUST_00608,2020-09-02,Medina,Retail,0
CUST_00609,2021-04-22,Medina,Retail,0
CUST_00610,2021-01-03,Medina,VIP,0
CUST_00611,2022-04-02,Mecca,Retail,0
CUST_00612,2020-07-27,Dammam,Retail,0
CUST_00613,2022-06-03,Jeddah,Retail,0
CUST_00614,2021-07-20,Medina,Retail,0
CUST_00615,2020-06-05,Jeddah,Retail,0
CUST_00616,2022-05-03,Jeddah,Retail,0
CUST_00617,2021-12-02,Dammam,Retail,1
CUST_00618,2022-01-10,Mecca,Retail,1
CUST_00619,2020-12-26,Jeddah,Retail,0
CUST_00620,2020-07-07,Medina,Corporate,2
CUST_00621,2021-06-20,Riyadh,VIP,0
CUST_00622,2022-04-17,Riyadh,Retail,0
CUST_00623,2022-05-12,Jeddah,Retail,0
CUST_00624,2020-08-11,Medina,Retail,0
CUST_00625,2021-10-15,Medina,Corporate,0
CUST_00626,2020-01-17,Riyadh,Retail,0
CUST_00627,2020-01-18,Medina,Retail,0
CUST_00628,2020-10-20,Riyadh,Retail,0
CUST_00629,2021-03-16,Jeddah,Retail,0
CUST_00630,2020-06-01,Jeddah,Retail,0
CUST_00631,2022-04-14,Dammam,Retail,0
CUST_00632,2021-01-17,Mecca,Retail,0
CUST_00633,2021-12-14,Jeddah,Retail,1
CUST_00634,2020-03-23,Riyadh,Retail,0
CUST_00635,2021-07-19,Mecca,Retail,0
CUST_00636,2020-06-24,Riyadh,Retail,0
CUST_00637,2022-03-14,Dammam,Retail,1
CUST_00638,2020-04-07,Medina,Corporate,0
CUST_00639,2022-06-07,Medina,Retail,0
CUST_00640,2020-03-17,Dammam,VIP,0
CUST_00641,2020-02-03,Jeddah,Corporate,0
CUST_00642,2020-07-31,Medina,Retail,1
CUST_00643,2022-04-20,Mecca,Corporate,0
CUST_00644,2021-07-31,Jeddah,Retail,1
CUST_00645,2021-11-24,Medina,Retail,1
CUST_00646,2020-05-23,Riyadh,Retail,3
CUST_00647,2020-02-24,Riyadh,Retail,1
CUST_00648,2020-12-14,Medina,Retail,2
CUST_00649,2021-02-10,Dammam,Retail,0
CUST_00650,2021-04-06,Mecca,Retail,0
CUST_00651,2021-01-19,Mecca,Retail,0
CUST_00652,2021-01-24,Riyadh,Retail,0
CUST_00653,2020-09-09,Riyadh,Retail,0
CUST_00654,2021-12-29,Jeddah,Retail,0
CUST_00655,2020-04-19,Riyadh,Retail,0
CUST_00656,2021-01-03,Dammam,Retail,0
CUST_00657,2021-03-17,Mecca,Retail,0
CUST_00658,2020-04-15,Riyadh,Retail,0
CUST_00659,2021-09-03,Medina,Retail,1
CUST_00660,2020-01-13,Dammam,Retail,1
CUST_00661,2022-01-12,Medina,Corporate,3
CUST_00662,2021-08-08,Medina,Retail,0
CUST_00663,2020-05-22,Dammam,Retail,0
CUST_00664,2020-03-05,Jeddah,Retail,0
CUST_00665,2021-05-10,Riyadh,Retail,2
CUST_00666,2022-01-08,Mecca,Retail,0
CUST_00667,2020-04-19,Jeddah,Retail,2
CUST_00668,2020-12-06,Medina,Retail,1
CUST_00669,2021-03-26,Dammam,Retail,1
CUST_00670,2021-10-28,Medina,Retail,0
CUST_00671,2021-12-12,Jeddah,Retail,0
CUST_00672,2021-02-11,Dammam,Retail,0
CUST_00673,2021-05-17,Medina,Retail,0
CUST_00674,2020-10-14,Mecca,Retail,2
CUST_00675,2020-07-23,Medina,Corporate,0
CUST_00676,2022-02-25,Medina,Retail,1
CUST_00677,2021-12-26,Jeddah,Retail,0
CUST_00678,2021-12-10,Riyadh,VIP,1
CUST_00679,2021-02-22,Mecca,Retail,0
CUST_00680,2020-09-15,Jeddah,Retail,1
CUST_00681,2020-03-16,Mecca,Corporate,0
CUST_00682,2021-02-14,Medina,Retail,2
CUST_00683,2021-12-09,Mecca,Retail,1
CUST_00684,2021-01-03,Medina,Retail,2
CUST_00685,2020-04-21,Jeddah,Retail,0
CUST_00686,2021-10-24,Medina,Retail,3
CUST_00687,2021-11-24,Mecca,Corporate,0
CUST_00688,2022-03-26,Mecca,Retail,0
CUST_00689,2020-08-15,Medina,Retail,0
CUST_00690,2021-12-05,Medina,Retail,0
CUST_00691,2021-04-19,Medina,Retail,0
CUST_00692,2020-01-26,Mecca,Retail,0
CUST_00693,2020-03-28,Riyadh,VIP,1
CUST_00694,2020-12-22,Dammam,Retail,1
CUST_00695,2021-06-17,Mecca,Retail,0
CUST_00696,2022-01-09,Mecca,Retail,0
CUST_00697,2022-04-09,Riyadh,Retail,0
CUST_00698,2020-04-21,Jeddah,Corporate,1
CUST_00699,2021-06-12,Jeddah,Retail,0
CUST_00700,2021-03-12,Mecca,Retail,0
CUST_00701,2020-07-07,Jeddah,Retail,0
CUST_00702,2020-01-30,Medina,VIP,0
CUST_00703,2021-03-15,Mecca,Retail,0
CUST_00704,2020-10-12,Riyadh,Retail,1
CUST_00705,2021-07-03,Jeddah,Retail,0
CUST_00706,2020-04-26,Dammam,Retail,0
CUST_00707,2021-10-16,Dammam,Retail,0
CUST_00708,2021-08-24,Riyadh,Retail,1
CUST_00709,2021-09-24,Jeddah,VIP,1
CUST_00710,2020-10-31,Medina,Retail,0
CUST_00711,2020-11-16,Riyadh,Retail,0
CUST_00712,2021-01-17,Jeddah,Retail,0
CUST_00713,2020-05-21,Medina,Retail,0
CUST_00714,2021-10-12,Medina,Retail,0
CUST_00715,2020-06-26,Medina,Retail,0
CUST_00716,2020-07-10,Dammam,VIP,0
CUST_00717,2022-06-05,Dammam,Corporate,0
CUST_00718,2020-07-18,Mecca,Corporate,0
CUST_00719,2021-05-21,Mecca,Retail,0
CUST_00720,2022-05-10,Mecca,Retail,0
CUST_00721,2020-02-01,Jeddah,Retail,0
CUST_00722,2021-07-04,Dammam,Retail,0
CUST_00723,2022-01-30,Mecca,Retail,0
CUST_00724,2020-04-26,Dammam,Retail,1
CUST_00725,2021-01-10,Medina,VIP,0
CUST_00726,2022-01-06,Mecca,Retail,3
CUST_00727,2020-04-14,Jeddah,Retail,3
CUST_00728,2021-04-05,Dammam,Retail,1
CUST_00729,2021-03-25,Riyadh,Retail,0
CUST_00730,2022-04-10,Medina,Retail,1
CUST_00731,2021-09-16,Mecca,Retail,0
CUST_00732,2020-07-30,Jeddah,VIP,0
CUST_00733,2021-06-29,Dammam,Retail,0
CUST_00734,2021-12-21,Dammam,Retail,0
CUST_00735,2022-05-28,Medina,Corporate,0
CUST_00736,2020-04-07,Jeddah,Corporate,1
CUST_00737,2020-03-01,Dammam,VIP,0
CUST_00738,2022-06-05,Jeddah,Retail,1
CUST_00739,2022-04-28,Jeddah,Retail,0
CUST_00740,2021-05-16,Jeddah,Retail,0
CUST_00741,2021-02-28,Mecca,Retail,0
CUST_00742,2022-02-26,Riyadh,Retail,1
CUST_00743,2021-12-12,Dammam,Retail,0
CUST_00744,2021-08-18,Riyadh,VIP,1
CUST_00745,2020-04-05,Mecca,Retail,0
CUST_00746,2022-05-20,Riyadh,Retail,0
CUST_00747,2021-03-15,Jeddah,Retail,0
CUST_00748,2020-10-17,Dammam,Retail,0
CUST_00749,2022-05-22,Mecca,Retail,1
CUST_00750,2022-02-19,Riyadh,Retail,0
CUST_00751,2022-05-06,Mecca,Retail,2
CUST_00752,2020-06-10,Mecca,Retail,3
CUST_00753,2021-03-14,Jeddah,Corporate,2
CUST_00754,2021-10-27,Dammam,Retail,2
CUST_00755,2020-10-07,Riyadh,Retail,0
CUST_00756,2021-01-15,Jeddah,Retail,0
CUST_00757,2022-01-13,Jeddah,Retail,0
CUST_00758,2020-04-07,Riyadh,Retail,0
CUST_00759,2021-08-30,Jeddah,Retail,0
CUST_00760,2020-01-09,Dammam,VIP,3
CUST_00761,2021-03-08,Jeddah,Retail,0
CUST_00762,2020-04-01,Riyadh,Retail,0
CUST_00763,2020-11-02,Jeddah,Retail,1
CUST_00764,2022-06-14,Jeddah,Retail,0
CUST_00765,2020-03-11,Medina,Retail,0
CUST_00766,2020-06-17,Mecca,Retail,0
CUST_00767,2022-02-05,Jeddah,Corporate,0
CUST_00768,2021-03-29,Jeddah,Retail,0
CUST_00769,2022-02-09,Riyadh,Retail,0
CUST_00770,2021-03-15,Dammam,Retail,0
CUST_00771,2021-10-22,Riyadh,Retail,0
CUST_00772,2022-01-08,Medina,Retail,2
CUST_00773,2020-01-28,Dammam,Retail,0
CUST_00774,2020-07-12,Mecca,Retail,0
CUST_00775,2022-03-23,Jeddah,Retail,0
CUST_00776,2021-05-26,Medina,Retail,1
CUST_00777,2020-01-13,Dammam,Corporate,0
CUST_00778,2022-05-31,Medina,Retail,0
CUST_00779,2020-06-25,Mecca,Corporate,1
CUST_00780,2020-01-18,Medina,Retail,0
CUST_00781,2020-02-10,Riyadh,Corporate,0
CUST_00782,2020-10-20,Medina,Retail,0
CUST_00783,2021-02-15,Riyadh,Retail,0
CUST_00784,2020-06-05,Dammam,Retail,0
CUST_00785,2020-07-27,Jeddah,Retail,0
CUST_00786,2021-10-11,Riyadh,Retail,0
CUST_00787,2022-05-16,Jeddah,Retail,0
CUST_00788,2021-03-20,Riyadh,Retail,0
CUST_00789,2020-11-12,Jeddah,Retail,1
CUST_00790,2021-12-19,Riyadh,Retail,2
CUST_00791,2021-06-19,Medina,Retail,1
CUST_00792,2020-06-19,Dammam,Retail,1
CUST_00793,2020-10-02,Riyadh,Retail,0
CUST_00794,2022-04-06,Mecca,Retail,0
CUST_00795,2021-12-30,Medina,Retail,0
CUST_00796,2021-06-07,Dammam,Retail,1
CUST_00797,2020-06-19,Dammam,Retail,1
CUST_00798,2021-08-10,Riyadh,Retail,0
CUST_00799,2020-02-15,Riyadh,Retail,0
CUST_00800,2021-01-27,Jeddah,Retail,2
CUST_00801,2020-02-06,Medina,VIP,1
CUST_00802,2021-11-02,Mecca,Retail,0
CUST_00803,2022-01-07,Dammam,Retail,0
CUST_00804,2021-01-16,Riyadh,Retail,2
CUST_00805,2020-07-02,Jeddah,VIP,3
CUST_00806,2021-02-14,Riyadh,VIP,1
CUST_00807,2022-03-03,Dammam,Retail,0
CUST_00808,2020-01-09,Dammam,Retail,0
CUST_00809,2020-11-07,Medina,Retail,0
CUST_00810,2021-05-20,Jeddah,Retail,0
CUST_00811,2022-03-26,Jeddah,Retail,2
CUST_00812,2020-01-25,Jeddah,Retail,0
CUST_00813,2021-12-11,Riyadh,Corporate,0
CUST_00814,2021-11-04,Mecca,VIP,1
CUST_00815,2020-04-16,Jeddah,Retail,0
CUST_00816,2021-05-18,Riyadh,Corporate,0
CUST_00817,2020-10-13,Riyadh,Retail,0
CUST_00818,2022-05-15,Medina,Retail,1
CUST_00819,2021-04-14,Riyadh,Retail,0
CUST_00820,2021-10-14,Mecca,Retail,0
CUST_00821,2021-03-21,Jeddah,Retail,0
CUST_00822,2020-11-18,Mecca,Retail,1
CUST_00823,2020-11-21,Mecca,Retail,0
CUST_00824,2020-07-26,Jeddah,Retail,0
CUST_00825,2020-06-08,Riyadh,Retail,0
CUST_00826,2021-02-20,Riyadh,Retail,2
CUST_00827,2020-07-31,Mecca,Retail,0
CUST_00828,2020-05-02,Riyadh,Retail,0
CUST_00829,2022-04-26,Medina,Retail,1
CUST_00830,2020-12-01,Jeddah,Retail,0
CUST_00831,2020-12-30,Mecca,Retail,0
CUST_00832,2020-09-23,Jeddah,Retail,0
CUST_00833,2021-04-08,Medina,Retail,0
CUST_00834,2021-04-18,Riyadh,VIP,0
CUST_00835,2020-01-13,Riyadh,VIP,3
CUST_00836,2020-05-13,Jeddah,VIP,0
CUST_00837,2021-10-07,Riyadh,Retail,0
CUST_00838,2022-04-12,Riyadh,Retail,0
CUST_00839,2021-10-23,Mecca,VIP,0
CUST_00840,2022-05-17,Dammam,Retail,2
CUST_00841,2020-02-21,Jeddah,Corporate,0
CUST_00842,2022-01-11,Mecca,Retail,0
CUST_00843,2021-03-12,Jeddah,Retail,2
CUST_00844,2020-10-08,Dammam,Retail,0
CUST_00845,2021-09-20,Medina,Retail,0
CUST_00846,2021-05-25,Mecca,VIP,0
CUST_00847,2020-03-30,Dammam,Retail,0
CUST_00848,2021-10-20,Medina,Retail,3
CUST_00849,2021-07-10,Riyadh,Corporate,1
CUST_00850,2021-01-02,Mecca,Retail,0
CUST_00851,2021-08-02,Medina,Retail,0
CUST_00852,2020-01-27,Dammam,Retail,0
CUST_00853,2022-04-10,Dammam,Retail,3
CUST_00854,2021-06-26,Dammam,Retail,3
CUST_00855,2020-06-12,Riyadh,Retail,0
CUST_00856,2021-06-30,Riyadh,Retail,2
CUST_00857,2021-08-12,Mecca,Retail,1
CUST_00858,2022-05-15,Jeddah,Retail,0
CUST_00859,2022-04-05,Dammam,Corporate,0
CUST_00860,2021-12-18,Dammam,Corporate,0
CUST_00861,2021-07-30,Jeddah,VIP,1
CUST_00862,2021-05-19,Medina,Retail,0
CUST_00863,2020-04-02,Riyadh,Retail,0
CUST_00864,2021-06-23,Mecca,Retail,2
CUST_00865,2020-07-25,Jeddah,Retail,0
CUST_00866,2022-04-01,Dammam,Retail,0
CUST_00867,2021-12-22,Jeddah,Retail,1
CUST_00868,2022-05-31,Dammam,Corporate,0
CUST_00869,2021-11-09,Mecca,Retail,0
CUST_00870,2020-11-26,Jeddah,Corporate,1
CUST_00871,2021-03-23,Mecca,Retail,0
CUST_00872,2021-07-29,Medina,Retail,0
CUST_00873,2021-08-26,Jeddah,Retail,1
CUST_00874,2020-10-28,Jeddah,Retail,0
CUST_00875,2021-12-19,Medina,Retail,3
CUST_00876,2021-08-04,Riyadh,Retail,0
CUST_00877,2022-04-08,Medina,Retail,0
CUST_00878,2021-05-23,Jeddah,Retail,0
CUST_00879,2020-12-21,Dammam,Retail,1
CUST_00880,2020-03-31,Dammam,Retail,0
CUST_00881,2020-09-12,Riyadh,Retail,1
CUST_00882,2022-01-07,Riyadh,Retail,0
CUST_00883,2021-03-05,Jeddah,VIP,0
CUST_00884,2021-01-22,Dammam,Retail,0
CUST_00885,2021-05-05,Medina,Retail,0
CUST_00886,2020-06-15,Mecca,Retail,1
CUST_00887,2020-10-28,Riyadh,Retail,2
CUST_00888,2020-03-16,Dammam,Retail,0
CUST_00889,2022-01-19,Riyadh,Retail,1
CUST_00890,2020-04-05,Dammam,Retail,0
CUST_00891,2021-05-09,Riyadh,Retail,0
CUST_00892,2021-09-13,Mecca,Retail,0
CUST_00893,2020-07-29,Jeddah,Retail,0
CUST_00894,2022-01-17,Medina,Retail,0
CUST_00895,2020-08-31,Riyadh,Retail,0
CUST_00896,2022-05-10,Mecca,Retail,0
CUST_00897,2021-03-13,Riyadh,Retail,0
CUST_00898,2021-09-06,Mecca,Retail,0
CUST_00899,2020-06-23,Dammam,Corporate,0
CUST_00900,2020-04-28,Dammam,Retail,0
CUST_00901,2021-11-07,Dammam,Retail,0
CUST_00902,2020-07-08,Dammam,VIP,0
CUST_00903,2021-04-01,Riyadh,Retail,0
CUST_00904,2020-08-19,Dammam,Retail,0
CUST_00905,2021-12-14,Riyadh,Retail,0
CUST_00906,2021-07-08,Mecca,Corporate,0
CUST_00907,2021-07-20,Riyadh,VIP,1
CUST_00908,2021-03-04,Medina,Retail,2
CUST_00909,2021-08-09,Jeddah,Retail,0
CUST_00910,2022-05-24,Riyadh,Retail,2
CUST_00911,2022-03-30,Medina,Retail,0
CUST_00912,2020-05-03,Mecca,Retail,3
CUST_00913,2020-08-04,Jeddah,Retail,0
CUST_00914,2021-11-30,Mecca,Retail,1
CUST_00915,2020-05-31,Medina,Retail,2
CUST_00916,2022-04-06,Riyadh,Retail,0
CUST_00917,2021-07-19,Dammam,VIP,0
CUST_00918,2022-06-13,Riyadh,Retail,0
CUST_00919,2021-06-19,Mecca,Retail,0
CUST_00920,2021-08-03,Medina,Retail,2
CUST_00921,2020-04-12,Riyadh,Retail,0
CUST_00922,2020-10-19,Medina,VIP,1
CUST_00923,2020-09-27,Mecca,Retail,0
CUST_00924,2021-04-29,Riyadh,Retail,0
CUST_00925,2021-09-25,Medina,Retail,0
CUST_00926,2021-02-09,Dammam,Retail,0
CUST_00927,2021-05-01,Dammam,VIP,0
CUST_00928,2022-04-17,Dammam,Retail,1
CUST_00929,2022-05-28,Riyadh,Corporate,0
CUST_00930,2020-11-03,Mecca,Retail,0
CUST_00931,2022-01-16,Mecca,Retail,0
CUST_00932,2021-03-28,Jeddah,Corporate,0
CUST_00933,2021-05-11,Medina,VIP,1
CUST_00934,2021-06-11,Jeddah,Retail,1
CUST_00935,2021-02-17,Jeddah,Retail,0
CUST_00936,2021-08-05,Riyadh,Retail,1
CUST_00937,2020-07-24,Riyadh,Retail,0
CUST_00938,2021-01-04,Jeddah,Retail,1
CUST_00939,2021-06-01,Mecca,Retail,0
CUST_00940,2020-02-01,Jeddah,Retail,0
CUST_00941,2020-06-30,Mecca,Retail,0
CUST_00942,2020-06-16,Dammam,Retail,0
CUST_00943,2020-10-18,Riyadh,Retail,0
CUST_00944,2021-08-08,Jeddah,VIP,0
CUST_00945,2021-11-24,Jeddah,Retail,0
CUST_00946,2020-01-21,Riyadh,Retail,0
CUST_00947,2020-06-26,Medina,VIP,0
CUST_00948,2021-09-14,Dammam,Retail,1
CUST_00949,2020-10-08,Mecca,VIP,1
CUST_00950,2021-04-15,Dammam,Retail,0
CUST_00951,2021-06-17,Medina,Retail,0
CUST_00952,2021-06-07,Dammam,Retail,0
CUST_00953,2020-10-16,Dammam,Retail,0
CUST_00954,2020-12-10,Dammam,Retail,1
CUST_00955,2020-09-24,Dammam,Retail,0
CUST_00956,2020-09-03,Riyadh,VIP,1
CUST_00957,2021-09-06,Mecca,Retail,0
CUST_00958,2022-01-08,Riyadh,Retail,3
CUST_00959,2020-09-22,Mecca,Retail,1
CUST_00960,2021-08-20,Medina,VIP,0
CUST_00961,2021-12-31,Jeddah,Retail,0
CUST_00962,2021-05-02,Dammam,Retail,1
CUST_00963,2022-05-10,Medina,Retail,0
CUST_00964,2020-05-11,Dammam,Retail,0
CUST_00965,2020-07-06,Dammam,Retail,0
CUST_00966,2020-08-16,Dammam,Retail,1
CUST_00967,2021-01-15,Dammam,Retail,0
CUST_00968,2020-04-30,Mecca,Retail,0
CUST_00969,2021-08-17,Medina,Retail,1
CUST_00970,2021-05-27,Riyadh,VIP,0
CUST_00971,2020-11-01,Mecca,Retail,1
CUST_00972,2020-05-20,Jeddah,Retail,3
CUST_00973,2021-04-13,Jeddah,Retail,1
CUST_00974,2022-03-08,Riyadh,Retail,0
CUST_00975,2020-06-30,Dammam,Retail,0
CUST_00976,2020-10-07,Jeddah,Retail,0
CUST_00977,2022-02-21,Jeddah,Retail,1
CUST_00978,2020-03-31,Jeddah,Retail,0
CUST_00979,2021-02-17,Mecca,Corporate,0
CUST_00980,2020-02-08,Medina,Retail,0
CUST_00981,2020-01-15,Dammam,Retail,0
CUST_00982,2020-01-19,Riyadh,Retail,0
CUST_00983,2021-12-11,Dammam,Retail,0
CUST_00984,2021-05-30,Medina,Retail,0
CUST_00985,2020-02-16,Dammam,Corporate,0
CUST_00986,2021-06-16,Medina,Retail,0
CUST_00987,2021-12-04,Jeddah,Retail,2
CUST_00988,2021-01-02,Jeddah,Retail,2
CUST_00989,2022-04-11,Mecca,Retail,0
CUST_00990,2020-05-14,Jeddah,Retail,0
CUST_00991,2020-06-22,Riyadh,Retail,0
CUST_00992,2020-02-08,Mecca,VIP,0
CUST_00993,2021-07-01,Medina,Retail,3
CUST_00994,2021-11-08,Riyadh,Retail,0
CUST_00995,2021-12-07,Riyadh,Retail,0
CUST_00996,2021-07-14,Dammam,Retail,0
CUST_00997,2021-12-12,Riyadh,Retail,0
CUST_00998,2021-11-09,Medina,Retail,0
CUST_00999,2020-05-20,Mecca,VIP,0
CUST_01000,2022-01-06,Medina,Retail,0
CUST_01001,2020-04-18,Mecca,Retail,0
CUST_01002,2020-09-26,Medina,Corporate,0
CUST_01003,2021-02-23,Dammam,Retail,0
CUST_01004,2020-07-31,Mecca,Retail,0
CUST_01005,2021-11-18,Riyadh,Corporate,1
CUST_01006,2021-11-16,Mecca,Retail,0
CUST_01007,2021-06-07,Riyadh,Retail,0
CUST_01008,2020-09-19,Jeddah,Retail,3
CUST_01009,2020-09-27,Mecca,Retail,1
CUST_01010,2022-06-14,Riyadh,VIP,0
CUST_01011,2021-11-24,Dammam,Retail,0
CUST_01012,2022-05-21,Riyadh,Retail,0
CUST_01013,2021-10-24,Jeddah,Retail,1
CUST_01014,2021-09-28,Dammam,VIP,0
CUST_01015,2022-04-14,Dammam,Retail,0
CUST_01016,2021-04-12,Dammam,VIP,0
CUST_01017,2021-05-04,Mecca,Retail,1
CUST_01018,2020-04-25,Jeddah,Retail,0
CUST_01019,2022-05-14,Jeddah,Retail,2
CUST_01020,2021-05-09,Medina,Retail,0
CUST_01021,2021-01-23,Dammam,Retail,1
CUST_01022,2022-05-08,Jeddah,Retail,0
CUST_01023,2021-02-25,Mecca,Retail,0
CUST_01024,2020-11-17,Riyadh,Retail,0
CUST_01025,2022-02-24,Medina,Retail,0
CUST_01026,2021-11-16,Dammam,Retail,0
CUST_01027,2021-09-25,Riyadh,Retail,1
CUST_01028,2021-05-08,Dammam,Retail,0
CUST_01029,2020-06-01,Medina,VIP,0
CUST_01030,2020-01-12,Jeddah,Retail,0
CUST_01031,2021-05-22,Jeddah,Retail,0
CUST_01032,2020-09-03,Dammam,Corporate,0
CUST_01033,2020-08-16,Medina,Retail,0
CUST_01034,2020-08-28,Riyadh,Retail,1
CUST_01035,2021-04-03,Riyadh,VIP,0
CUST_01036,2020-05-01,Mecca,Retail,0
CUST_01037,2021-02-17,Mecca,Retail,0
CUST_01038,2022-04-25,Riyadh,Retail,2
CUST_01039,2021-10-14,Dammam,VIP,0
CUST_01040,2021-11-01,Mecca,Corporate,0
CUST_01041,2020-02-25,Jeddah,VIP,0
CUST_01042,2022-02-24,Medina,Retail,1
CUST_01043,2021-01-07,Mecca,Retail,1
CUST_01044,2020-08-15,Riyadh,Retail,1
CUST_01045,2022-03-30,Dammam,Retail,0
CUST_01046,2020-04-18,Riyadh,VIP,0
CUST_01047,2022-04-21,Mecca,Retail,0
CUST_01048,2020-07-11,Riyadh,Corporate,0
CUST_01049,2021-04-13,Jeddah,Retail,0
CUST_01050,2021-02-28,Riyadh,Corporate,1
CUST_01051,2021-08-25,Riyadh,Retail,0
CUST_01052,2021-11-05,Medina,Corporate,0
CUST_01053,2021-05-25,Riyadh,Retail,0
CUST_01054,2021-03-19,Medina,Retail,0
CUST_01055,2020-06-30,Medina,Retail,1
CUST_01056,2020-04-16,Mecca,Retail,0
CUST_01057,2020-11-25,Medina,VIP,0
CUST_01058,2021-09-15,Jeddah,Retail,2
CUST_01059,2020-10-28,Mecca,VIP,0
CUST_01060,2021-09-08,Medina,Retail,1
CUST_01061,2022-05-31,Dammam,Retail,2
CUST_01062,2021-10-09,Jeddah,Retail,0
CUST_01063,2020-10-24,Dammam,Corporate,0
CUST_01064,2021-12-28,Jeddah,Retail,0
CUST_01065,2020-11-26,Riyadh,Retail,0
CUST_01066,2021-08-19,Medina,Corporate,1
CUST_01067,2021-11-21,Medina,Retail,1
CUST_01068,2022-04-07,Riyadh,Retail,0
CUST_01069,2020-05-28,Riyadh,Retail,0
CUST_01070,2022-02-07,Jeddah,Corporate,0
CUST_01071,2020-05-29,Riyadh,Retail,0
CUST_01072,2022-02-10,Medina,Retail,1
CUST_01073,2020-04-14,Medina,VIP,1
CUST_01074,2022-06-04,Jeddah,Retail,0
CUST_01075,2020-08-31,Medina,Retail,1
CUST_01076,2020-10-21,Riyadh,Corporate,0
CUST_01077,2022-03-18,Dammam,Corporate,0
CUST_01078,2022-01-31,Dammam,Retail,1
CUST_01079,2022-05-31,Mecca,VIP,2
CUST_01080,2021-12-22,Dammam,Retail,0
CUST_01081,2021-09-09,Jeddah,Retail,2
CUST_01082,2020-10-28,Mecca,Retail,0
CUST_01083,2020-07-10,Jeddah,Retail,0
CUST_01084,2020-02-11,Mecca,Retail,0
CUST_01085,2020-06-13,Medina,VIP,0
CUST_01086,2021-04-22,Jeddah,Retail,2
CUST_01087,2021-09-03,Riyadh,Retail,0
CUST_01088,2022-05-13,Dammam,Retail,0
CUST_01089,2021-01-01,Riyadh,Retail,0
CUST_01090,2020-08-13,Jeddah,Retail,1
CUST_01091,2020-06-12,Mecca,Retail,0
CUST_01092,2020-12-23,Jeddah,VIP,0
CUST_01093,2020-12-05,Dammam,Retail,2
CUST_01094,2021-09-25,Medina,Retail,0
CUST_01095,2022-02-09,Riyadh,Retail,0
CUST_01096,2020-09-03,Medina,Corporate,0
CUST_01097,2020-02-10,Dammam,Retail,1
CUST_01098,2020-04-26,Mecca,Retail,1
CUST_01099,2020-01-26,Medina,VIP,0
CUST_01100,2022-04-02,Medina,Retail,0
CUST_01101,2021-10-29,Jeddah,Retail,0
CUST_01102,2020-04-08,Jeddah,Corporate,1
CUST_01103,2021-06-30,Riyadh,Retail,0
CUST_01104,2021-10-06,Jeddah,VIP,0
CUST_01105,2020-04-16,Jeddah,Retail,1
CUST_01106,2022-01-29,Mecca,Retail,2
CUST_01107,2022-02-03,Jeddah,Retail,1
CUST_01108,2020-02-08,Riyadh,Retail,0
CUST_01109,2020-09-14,Medina,Retail,1
CUST_01110,2020-09-21,Mecca,Retail,0
CUST_01111,2021-03-19,Dammam,Retail,0
CUST_01112,2021-07-01,Riyadh,Retail,0
CUST_01113,2022-02-13,Medina,Retail,1
CUST_01114,2021-01-01,Medina,Retail,1
CUST_01115,2020-11-04,Medina,Retail,1
CUST_01116,2021-03-24,Mecca,Retail,0
CUST_01117,2021-04-30,Jeddah,Retail,0
CUST_01118,2021-02-04,Medina,Retail,0
CUST_01119,2020-11-01,Dammam,Corporate,0
CUST_01120,2022-06-14,Medina,Retail,0
CUST_01121,2021-08-09,Medina,Retail,0
CUST_01122,2020-03-28,Dammam,Retail,1
CUST_01123,2022-01-13,Dammam,Retail,2
CUST_01124,2022-05-21,Medina,Retail,0
CUST_01125,2021-09-23,Dammam,Retail,0
CUST_01126,2022-03-29,Medina,VIP,1
CUST_01127,2021-07-16,Mecca,Retail,0
CUST_01128,2021-11-18,Riyadh,Retail,0
CUST_01129,2021-08-17,Mecca,Corporate,0
CUST_01130,2021-11-18,Jeddah,Retail,0
CUST_01131,2020-07-17,Dammam,Retail,0
CUST_01132,2021-11-06,Dammam,Retail,0
CUST_01133,2021-08-03,Dammam,VIP,2
CUST_01134,2020-06-21,Riyadh,Retail,1
CUST_01135,2021-12-30,Mecca,Retail,0
CUST_01136,2021-11-26,Dammam,VIP,0
CUST_01137,2021-01-02,Dammam,Retail,0
CUST_01138,2021-10-23,Medina,Retail,0
CUST_01139,2022-04-26,Jeddah,VIP,0
CUST_01140,2022-01-21,Riyadh,Retail,1
CUST_01141,2022-05-19,Medina,Retail,1
CUST_01142,2021-08-15,Mecca,Retail,0
CUST_01143,2020-02-07,Medina,Retail,1
CUST_01144,2021-07-06,Mecca,Retail,0
CUST_01145,2021-02-05,Jeddah,VIP,0
CUST_01146,2022-05-27,Dammam,Retail,0
CUST_01147,2020-04-02,Mecca,Retail,0
CUST_01148,2020-09-01,Medina,Retail,1
CUST_01149,2020-05-23,Mecca,Retail,0
CUST_01150,2021-08-02,Jeddah,Retail,0
CUST_01151,2021-01-02,Riyadh,Retail,0
CUST_01152,2020-03-05,Dammam,Retail,0
CUST_01153,2020-07-30,Medina,Corporate,0
CUST_01154,2021-04-25,Mecca,VIP,0
CUST_01155,2021-10-26,Dammam,Retail,2
CUST_01156,2021-10-10,Dammam,VIP,0
CUST_01157,2021-07-11,Medina,Retail,0
CUST_01158,2021-01-09,Medina,Retail,1
CUST_01159,2021-06-13,Dammam,Retail,2
CUST_01160,2021-06-12,Mecca,Retail,1
CUST_01161,2021-05-13,Mecca,VIP,0
CUST_01162,2020-05-22,Mecca,Retail,0
CUST_01163,2021-10-20,Dammam,Retail,0
CUST_01164,2021-01-05,Medina,Retail,0
CUST_01165,2020-08-23,Mecca,VIP,1
CUST_01166,2021-05-08,Mecca,Retail,0
CUST_01167,2021-10-24,Mecca,Retail,0
CUST_01168,2021-08-10,Medina,Retail,0
CUST_01169,2020-02-10,Medina,Retail,0
CUST_01170,2020-07-03,Medina,Corporate,0
CUST_01171,2021-07-31,Riyadh,VIP,1
CUST_01172,2022-04-21,Dammam,Corporate,0
CUST_01173,2021-09-13,Mecca,VIP,0
CUST_01174,2022-04-30,Mecca,Retail,1
CUST_01175,2022-04-20,Jeddah,Retail,0
CUST_01176,2020-06-20,Dammam,Corporate,0
CUST_01177,2020-03-11,Jeddah,Retail,0
CUST_01178,2020-01-17,Jeddah,Retail,2
CUST_01179,2021-12-01,Mecca,VIP,0
CUST_01180,2020-06-30,Mecca,Corporate,0
CUST_01181,2022-06-17,Medina,Retail,0
CUST_01182,2021-05-08,Jeddah,Corporate,0
CUST_01183,2020-01-02,Mecca,Retail,0
CUST_01184,2020-02-14,Medina,Retail,2
CUST_01185,2021-05-08,Mecca,Retail,1
CUST_01186,2022-02-18,Medina,Retail,0
CUST_01187,2021-05-03,Jeddah,Corporate,0
CUST_01188,2021-09-04,Medina,Retail,0
CUST_01189,2021-12-27,Riyadh,Retail,0
CUST_01190,2020-01-08,Mecca,Retail,0
CUST_01191,2020-11-19,Mecca,Retail,0
CUST_01192,2021-10-29,Medina,Retail,1
CUST_01193,2021-03-09,Medina,Retail,0
CUST_01194,2021-11-27,Mecca,Retail,0
CUST_01195,2022-03-13,Medina,Retail,0
CUST_01196,2021-07-22,Mecca,Retail,0
CUST_01197,2020-12-18,Mecca,Retail,1
CUST_01198,2021-11-06,Riyadh,Retail,0
CUST_01199,2021-12-17,Jeddah,Retail,0
CUST_01200,2022-03-15,Dammam,VIP,0
CUST_01201,2021-12-01,Riyadh,Retail,2
CUST_01202,2020-01-06,Riyadh,VIP,0
CUST_01203,2021-09-06,Mecca,Retail,0
CUST_01204,2021-01-14,Riyadh,Retail,1
CUST_01205,2021-02-14,Medina,Retail,0
CUST_01206,2021-09-03,Riyadh,Corporate,1
CUST_01207,2021-10-17,Mecca,Retail,0
CUST_01208,2021-11-03,Medina,Retail,0
CUST_01209,2021-09-05,Medina,Retail,0
CUST_01210,2020-06-22,Riyadh,Retail,0
CUST_01211,2020-06-10,Riyadh,Corporate,1
CUST_01212,2020-12-27,Mecca,Retail,0
CUST_01213,2020-01-16,Riyadh,Corporate,0
CUST_01214,2022-01-13,Medina,Corporate,0
CUST_01215,2022-04-15,Dammam,Retail,2
CUST_01216,2021-04-10,Mecca,Retail,0
CUST_01217,2021-02-20,Medina,Retail,0
CUST_01218,2020-10-28,Dammam,Corporate,1
CUST_01219,2020-09-20,Medina,VIP,0
CUST_01220,2021-12-11,Mecca,Corporate,0
CUST_01221,2022-02-27,Jeddah,Retail,2
CUST_01222,2021-04-14,Mecca,VIP,1
CUST_01223,2021-05-08,Riyadh,Retail,0
CUST_01224,2022-03-18,Jeddah,Retail,0
CUST_01225,2020-11-19,Mecca,Corporate,0
CUST_01226,2020-01-10,Dammam,Retail,0
CUST_01227,2021-11-20,Dammam,Retail,2
CUST_01228,2021-05-02,Dammam,Retail,1
CUST_01229,2020-10-02,Jeddah,Corporate,0
CUST_01230,2020-07-13,Mecca,Retail,0
CUST_01231,2020-09-04,Dammam,Retail,0
CUST_01232,2020-09-12,Medina,Retail,1
CUST_01233,2020-05-02,Riyadh,Retail,0
CUST_01234,2021-09-20,Riyadh,Retail,0
CUST_01235,2020-02-13,Mecca,Retail,0
CUST_01236,2021-08-11,Dammam,Retail,3
CUST_01237,2021-06-07,Dammam,Retail,1
CUST_01238,2020-05-11,Riyadh,Retail,0
CUST_01239,2021-07-07,Riyadh,Retail,0
CUST_01240,2021-12-03,Jeddah,Retail,0
CUST_01241,2021-06-14,Mecca,Retail,0
CUST_01242,2021-11-21,Jeddah,Retail,0
CUST_01243,2021-01-05,Medina,VIP,0
CUST_01244,2020-09-26,Jeddah,Retail,2
CUST_01245,2020-12-17,Dammam,Retail,0
CUST_01246,2021-03-05,Dammam,Retail,0
CUST_01247,2021-04-06,Jeddah,Retail,3
CUST_01248,2021-12-03,Jeddah,VIP,1
CUST_01249,2022-04-03,Jeddah,Retail,1
CUST_01250,2020-07-19,Jeddah,VIP,1
CUST_01251,2021-04-29,Riyadh,Retail,0
CUST_01252,2022-05-19,Medina,Retail,0
CUST_01253,2021-05-13,Dammam,Retail,1
CUST_01254,2020-02-18,Mecca,Retail,0
CUST_01255,2020-08-08,Dammam,Retail,0
CUST_01256,2021-04-05,Dammam,Retail,0
CUST_01257,2021-07-24,Dammam,Retail,0
CUST_01258,2020-12-25,Medina,Retail,0
CUST_01259,2021-10-26,Medina,Retail,1
CUST_01260,2020-12-29,Dammam,Retail,0
CUST_01261,2022-01-24,Mecca,VIP,0
CUST_01262,2020-10-20,Mecca,Retail,0
CUST_01263,2020-06-20,Dammam,Retail,0
CUST_01264,2021-02-18,Riyadh,Retail,0
CUST_01265,2020-11-17,Dammam,Retail,1
CUST_01266,2021-09-11,Mecca,Retail,0
CUST_01267,2022-06-02,Dammam,Retail,0
CUST_01268,2021-04-06,Mecca,Retail,1
CUST_01269,2020-05-08,Jeddah,Retail,2
CUST_01270,2021-12-18,Riyadh,Retail,0
CUST_01271,2020-04-07,Riyadh,Corporate,0
CUST_01272,2020-02-25,Riyadh,Retail,0
CUST_01273,2020-03-26,Riyadh,Retail,0
CUST_01274,2021-11-01,Mecca,Retail,0
CUST_01275,2020-10-17,Mecca,Retail,0
CUST_01276,2022-05-08,Jeddah,Retail,0
CUST_01277,2022-05-31,Dammam,VIP,0
CUST_01278,2022-06-10,Medina,Corporate,0
CUST_01279,2020-05-18,Medina,Retail,0
CUST_01280,2021-10-08,Medina,Retail,0
CUST_01281,2021-06-30,Dammam,Corporate,0
CUST_01282,2020-08-20,Riyadh,Retail,0
CUST_01283,2020-09-23,Jeddah,Retail,0
CUST_01284,2022-04-14,Jeddah,Retail,0
CUST_01285,2020-01-09,Mecca,Corporate,0
CUST_01286,2020-01-10,Mecca,Retail,0
CUST_01287,2022-03-26,Riyadh,Retail,0
CUST_01288,2021-07-28,Mecca,Retail,0
CUST_01289,2022-01-24,Mecca,VIP,0
CUST_01290,2020-03-22,Mecca,Retail,0
CUST_01291,2022-03-30,Medina,VIP,0
CUST_01292,2020-10-18,Medina,VIP,0
CUST_01293,2022-05-23,Riyadh,Retail,0
CUST_01294,2021-10-14,Mecca,Retail,0
CUST_01295,2021-09-29,Mecca,Retail,0
CUST_01296,2020-02-20,Medina,Retail,3
CUST_01297,2020-10-15,Dammam,Retail,0
CUST_01298,2020-01-09,Jeddah,Retail,0
CUST_01299,2020-08-10,Dammam,Retail,1
CUST_01300,2021-05-25,Dammam,Retail,1
CUST_01301,2020-12-04,Riyadh,VIP,2
CUST_01302,2020-02-27,Dammam,Retail,0
CUST_01303,2021-04-26,Jeddah,Retail,1
CUST_01304,2022-04-16,Mecca,VIP,0
CUST_01305,2022-02-25,Jeddah,Retail,3
CUST_01306,2020-09-10,Riyadh,Retail,1
CUST_01307,2020-04-06,Medina,Retail,0
CUST_01308,2021-02-02,Dammam,Corporate,0
CUST_01309,2022-01-15,Riyadh,Retail,0
CUST_01310,2020-05-05,Dammam,Retail,0
CUST_01311,2021-01-04,Riyadh,VIP,0
CUST_01312,2020-04-25,Jeddah,Retail,0
CUST_01313,2020-06-20,Dammam,Retail,0
CUST_01314,2020-09-05,Riyadh,Corporate,0
CUST_01315,2021-12-08,Mecca,Retail,0
CUST_01316,2022-02-28,Riyadh,Retail,0
CUST_01317,2021-12-03,Medina,Retail,2
CUST_01318,2022-02-16,Riyadh,Retail,0
CUST_01319,2021-12-19,Medina,Retail,0
CUST_01320,2020-08-26,Dammam,Corporate,1
CUST_01321,2022-02-13,Dammam,VIP,0
CUST_01322,2020-07-16,Riyadh,Retail,0
CUST_01323,2020-05-17,Dammam,VIP,0
CUST_01324,2021-03-24,Medina,Retail,0
CUST_01325,2020-07-13,Medina,Retail,0
CUST_01326,2022-01-19,Mecca,Retail,1
CUST_01327,2022-05-31,Medina,Retail,0
CUST_01328,2021-04-05,Dammam,VIP,0
CUST_01329,2021-04-09,Riyadh,Retail,0
CUST_01330,2022-01-21,Jeddah,VIP,0
CUST_01331,2021-01-07,Medina,Retail,1
CUST_01332,2021-11-05,Medina,VIP,0
CUST_01333,2021-11-30,Mecca,Retail,0
CUST_01334,2020-10-16,Dammam,Retail,0
CUST_01335,2020-04-08,Medina,Retail,0
CUST_01336,2020-05-12,Jeddah,VIP,0
CUST_01337,2021-05-12,Jeddah,Retail,0
CUST_01338,2022-05-06,Mecca,Retail,0
CUST_01339,2021-12-19,Medina,Retail,0
CUST_01340,2021-09-12,Riyadh,Retail,2
CUST_01341,2021-11-02,Mecca,Corporate,1
CUST_01342,2021-04-24,Riyadh,Retail,1
CUST_01343,2021-03-01,Dammam,Retail,0
CUST_01344,2021-09-23,Dammam,Retail,1
CUST_01345,2022-05-04,Dammam,Retail,0
CUST_01346,2021-06-15,Riyadh,Retail,0
CUST_01347,2021-01-29,Jeddah,Retail,0
CUST_01348,2021-08-06,Jeddah,Retail,0
CUST_01349,2022-02-03,Riyadh,Retail,0
CUST_01350,2021-11-21,Mecca,Retail,0
CUST_01351,2020-04-16,Jeddah,Retail,0
CUST_01352,2021-05-31,Dammam,Retail,0
CUST_01353,2021-09-06,Mecca,Corporate,2
CUST_01354,2021-07-17,Dammam,VIP,0
CUST_01355,2021-10-10,Mecca,VIP,0
CUST_01356,2020-09-03,Medina,Retail,0
CUST_01357,2021-07-17,Dammam,Retail,0
CUST_01358,2021-02-10,Riyadh,Retail,3
CUST_01359,2021-09-02,Riyadh,Retail,3
CUST_01360,2020-11-05,Riyadh,Retail,0
CUST_01361,2022-05-26,Dammam,Retail,1
CUST_01362,2021-12-07,Dammam,Corporate,0
CUST_01363,2021-08-07,Medina,Retail,0
CUST_01364,2020-12-30,Jeddah,Retail,0
CUST_01365,2021-08-19,Jeddah,Retail,1
CUST_01366,2020-04-04,Medina,Retail,2
CUST_01367,2022-01-21,Riyadh,Retail,1
CUST_01368,2020-06-26,Mecca,VIP,0
CUST_01369,2021-08-13,Riyadh,Retail,0
CUST_01370,2022-01-18,Medina,Retail,1
CUST_01371,2022-02-28,Dammam,Retail,1
CUST_01372,2021-03-02,Riyadh,VIP,0
CUST_01373,2021-10-30,Medina,Corporate,0
CUST_01374,2021-10-09,Mecca,Retail,0
CUST_01375,2020-11-22,Medina,Retail,0
CUST_01376,2021-12-15,Jeddah,Retail,0
CUST_01377,2021-02-06,Mecca,Retail,0
CUST_01378,2020-04-02,Jeddah,Retail,1
CUST_01379,2020-05-31,Jeddah,Retail,0
CUST_01380,2022-02-02,Riyadh,Retail,0
CUST_01381,2021-02-12,Medina,Retail,0
CUST_01382,2022-02-19,Jeddah,Retail,0
CUST_01383,2021-02-08,Medina,Retail,0
CUST_01384,2022-01-23,Medina,Retail,0
CUST_01385,2022-03-06,Mecca,Retail,2
CUST_01386,2020-04-01,Riyadh,Retail,0
CUST_01387,2020-12-22,Jeddah,Retail,0
CUST_01388,2020-01-25,Dammam,Retail,0
CUST_01389,2022-04-21,Mecca,Retail,0
CUST_01390,2022-04-17,Jeddah,Retail,0
CUST_01391,2022-02-14,Riyadh,Retail,0
CUST_01392,2021-09-27,Jeddah,VIP,1
CUST_01393,2020-01-15,Dammam,Retail,0
CUST_01394,2021-04-05,Mecca,Retail,0
CUST_01395,2021-07-04,Jeddah,Retail,0
CUST_01396,2020-09-21,Medina,Retail,1
CUST_01397,2020-05-24,Riyadh,Retail,2
CUST_01398,2021-06-23,Riyadh,Retail,0
CUST_01399,2020-07-24,Medina,Retail,0
CUST_01400,2020-01-09,Riyadh,Retail,0
CUST_01401,2022-05-22,Dammam,VIP,0
CUST_01402,2022-06-07,Mecca,Retail,0
CUST_01403,2021-12-27,Riyadh,Corporate,0
CUST_01404,2021-09-03,Medina,Retail,0
CUST_01405,2021-04-13,Medina,Corporate,0
CUST_01406,2020-09-10,Medina,Retail,0
CUST_01407,2022-02-01,Jeddah,Retail,0
CUST_01408,2020-12-29,Dammam,Retail,3
CUST_01409,2021-05-28,Dammam,VIP,0
CUST_01410,2022-06-18,Mecca,VIP,1
CUST_01411,2020-01-31,Medina,Corporate,0
CUST_01412,2020-12-15,Mecca,Retail,0
CUST_01413,2021-01-26,Medina,Corporate,0
CUST_01414,2021-10-02,Jeddah,Retail,0
CUST_01415,2021-03-12,Dammam,Corporate,0
CUST_01416,2021-07-09,Jeddah,Retail,0
CUST_01417,2021-07-08,Jeddah,VIP,0
CUST_01418,2021-12-23,Medina,Corporate,0
CUST_01419,2022-02-27,Jeddah,Retail,0
CUST_01420,2020-06-10,Dammam,Retail,0
CUST_01421,2022-01-06,Riyadh,Retail,1
CUST_01422,2020-05-29,Riyadh,Retail,1
CUST_01423,2021-02-27,Mecca,Retail,1
CUST_01424,2022-04-21,Dammam,Retail,0
CUST_01425,2020-05-14,Jeddah,Retail,3
CUST_01426,2021-09-23,Dammam,Retail,0
CUST_01427,2021-09-02,Jeddah,Retail,0
CUST_01428,2020-03-22,Mecca,Retail,1
CUST_01429,2021-04-25,Dammam,Retail,0
CUST_01430,2021-04-30,Jeddah,Retail,0
CUST_01431,2021-02-22,Riyadh,Corporate,2
CUST_01432,2020-08-15,Jeddah,Retail,0
CUST_01433,2021-03-25,Medina,Retail,0
CUST_01434,2021-04-13,Jeddah,Retail,1
CUST_01435,2021-09-14,Mecca,Retail,0
CUST_01436,2022-01-30,Medina,Retail,0
CUST_01437,2022-06-15,Riyadh,Retail,0
CUST_01438,2022-04-26,Riyadh,VIP,0
CUST_01439,2021-07-04,Mecca,Corporate,0
CUST_01440,2021-01-31,Medina,Retail,2
CUST_01441,2020-07-13,Dammam,Retail,1
CUST_01442,2022-03-03,Dammam,Retail,0
CUST_01443,2021-09-19,Riyadh,Retail,2
CUST_01444,2021-04-19,Mecca,Retail,0
CUST_01445,2020-07-03,Medina,Corporate,0
CUST_01446,2020-05-18,Mecca,Retail,0
CUST_01447,2020-07-02,Mecca,Retail,1
CUST_01448,2020-07-25,Mecca,Retail,0
CUST_01449,2021-10-26,Jeddah,Retail,0
CUST_01450,2020-04-26,Mecca,Retail,0
CUST_01451,2021-12-25,Mecca,Retail,3
CUST_01452,2021-09-18,Jeddah,Retail,0
CUST_01453,2022-02-25,Jeddah,Corporate,0
CUST_01454,2021-11-06,Jeddah,Retail,0
CUST_01455,2022-02-26,Riyadh,Retail,0
CUST_01456,2022-02-26,Mecca,Retail,0
CUST_01457,2020-05-14,Jeddah,Retail,1
CUST_01458,2020-01-13,Mecca,Retail,0
CUST_01459,2022-04-06,Riyadh,Retail,0
CUST_01460,2020-08-10,Medina,Retail,0
CUST_01461,2021-03-28,Riyadh,Retail,0
CUST_01462,2021-07-14,Dammam,Retail,0
CUST_01463,2022-04-25,Jeddah,Retail,0
CUST_01464,2021-10-30,Dammam,Retail,1
CUST_01465,2021-11-14,Medina,VIP,0
CUST_01466,2020-03-30,Riyadh,Retail,3
CUST_01467,2020-06-14,Dammam,Retail,0
CUST_01468,2021-09-01,Medina,Retail,0
CUST_01469,2021-04-11,Medina,Retail,0
CUST_01470,2022-02-25,Dammam,Retail,1
CUST_01471,2022-04-19,Riyadh,Retail,1
CUST_01472,2020-03-07,Dammam,Retail,0
CUST_01473,2022-05-30,Dammam,Retail,0
CUST_01474,2020-08-02,Jeddah,Retail,0
CUST_01475,2022-01-17,Medina,Corporate,0
CUST_01476,2021-12-06,Medina,Corporate,3
CUST_01477,2020-10-21,Mecca,Retail,0
CUST_01478,2021-06-22,Medina,Corporate,0
CUST_01479,2020-05-12,Medina,Retail,0
CUST_01480,2021-10-09,Mecca,Retail,0
CUST_01481,2021-09-16,Jeddah,Retail,3
CUST_01482,2020-01-02,Riyadh,Retail,0
CUST_01483,2020-04-30,Jeddah,Retail,3
CUST_01484,2021-02-27,Riyadh,Retail,0
CUST_01485,2021-10-14,Jeddah,Retail,0
CUST_01486,2020-10-15,Dammam,Retail,0
CUST_01487,2021-06-02,Medina,Retail,0
CUST_01488,2021-12-03,Dammam,Retail,1
CUST_01489,2021-09-22,Riyadh,VIP,0
CUST_01490,2022-05-03,Dammam,Corporate,0
CUST_01491,2021-04-30,Riyadh,Retail,0
CUST_01492,2021-10-04,Mecca,VIP,0
CUST_01493,2020-12-09,Mecca,Retail,0
CUST_01494,2022-01-30,Riyadh,VIP,0
CUST_01495,2022-01-12,Dammam,Retail,0
CUST_01496,2021-08-14,Dammam,Retail,1
CUST_01497,2020-12-28,Riyadh,Corporate,0
CUST_01498,2020-02-01,Dammam,Corporate,0
CUST_01499,2022-05-12,Jeddah,Retail,0
CUST_01500,2021-09-01,Riyadh,VIP,1
CUST_01501,2021-12-23,Dammam,Retail,0
CUST_01502,2020-03-29,Mecca,VIP,0
CUST_01503,2022-04-29,Dammam,Retail,0
CUST_01504,2020-04-24,Dammam,Retail,1
CUST_01505,2020-04-04,Mecca,Retail,1
CUST_01506,2021-05-27,Jeddah,Retail,2
CUST_01507,2022-01-20,Medina,Retail,0
CUST_01508,2022-02-26,Riyadh,VIP,2
CUST_01509,2021-11-23,Jeddah,Retail,0
CUST_01510,2021-01-31,Medina,Retail,0
CUST_01511,2020-02-15,Medina,VIP,0
CUST_01512,2020-02-17,Riyadh,Retail,0
CUST_01513,2020-11-15,Riyadh,Retail,0
CUST_01514,2020-08-02,Dammam,Retail,0
CUST_01515,2021-06-29,Dammam,Retail,0
CUST_01516,2020-10-06,Jeddah,Retail,0
CUST_01517,2021-09-29,Medina,Retail,0
CUST_01518,2020-12-24,Medina,Retail,0
CUST_01519,2021-12-22,Dammam,Retail,0
CUST_01520,2020-11-14,Medina,VIP,0
CUST_01521,2020-02-21,Jeddah,Retail,2
CUST_01522,2020-02-21,Riyadh,Retail,0
CUST_01523,2021-02-05,Jeddah,Retail,1
CUST_01524,2021-10-06,Mecca,Retail,0
CUST_01525,2022-04-17,Jeddah,Retail,0
CUST_01526,2021-06-30,Riyadh,Corporate,1
CUST_01527,2021-04-21,Medina,Retail,1
CUST_01528,2021-12-16,Mecca,Retail,0
CUST_01529,2021-10-21,Mecca,Retail,2
CUST_01530,2020-05-27,Medina,Retail,0
CUST_01531,2020-07-06,Dammam,Retail,1
CUST_01532,2021-04-09,Mecca,Retail,0
CUST_01533,2020-12-25,Mecca,Retail,0
CUST_01534,2022-02-25,Dammam,Retail,0
CUST_01535,2020-04-15,Mecca,VIP,1
CUST_01536,2020-11-29,Medina,Retail,1
CUST_01537,2021-06-29,Mecca,Retail,0
CUST_01538,2021-09-27,Jeddah,Retail,3
CUST_01539,2021-01-28,Riyadh,Retail,1
CUST_01540,2021-08-28,Mecca,Retail,0
CUST_01541,2022-03-17,Dammam,Retail,0
CUST_01542,2021-11-09,Riyadh,Retail,1
CUST_01543,2022-05-06,Mecca,Retail,0
CUST_01544,2020-11-29,Medina,Retail,0
CUST_01545,2020-11-11,Mecca,Retail,0
CUST_01546,2022-04-13,Medina,Retail,0
CUST_01547,2021-05-21,Riyadh,Retail,1
CUST_01548,2021-08-17,Riyadh,Retail,0
CUST_01549,2021-04-08,Medina,Retail,0
CUST_01550,2021-04-02,Jeddah,Retail,1
CUST_01551,2020-11-02,Medina,Retail,0
CUST_01552,2021-03-21,Dammam,Corporate,0
CUST_01553,2021-09-18,Medina,Retail,0
CUST_01554,2020-10-28,Riyadh,Retail,0
CUST_01555,2020-02-24,Riyadh,Retail,1
CUST_01556,2021-01-02,Riyadh,VIP,1
CUST_01557,2020-08-28,Mecca,Retail,0
CUST_01558,2020-11-21,Mecca,Retail,0
CUST_01559,2020-08-04,Jeddah,Retail,0
CUST_01560,2021-01-28,Dammam,VIP,0
CUST_01561,2022-06-12,Jeddah,Retail,0
CUST_01562,2020-01-17,Jeddah,Retail,0
CUST_01563,2021-03-23,Jeddah,Retail,0
CUST_01564,2021-03-01,Mecca,VIP,0
CUST_01565,2021-03-11,Medina,Retail,0
CUST_01566,2021-07-19,Mecca,Retail,0
CUST_01567,2021-03-10,Medina,Retail,0
CUST_01568,2022-01-18,Jeddah,Retail,0
CUST_01569,2021-07-13,Medina,Retail,3
CUST_01570,2021-08-04,Mecca,Retail,0
CUST_01571,2021-05-08,Riyadh,Retail,1
CUST_01572,2022-05-29,Dammam,Retail,0
CUST_01573,2021-09-16,Riyadh,Retail,0
CUST_01574,2021-11-10,Riyadh,Retail,0
CUST_01575,2021-08-16,Dammam,Retail,2
CUST_01576,2021-07-01,Riyadh,Retail,0
CUST_01577,2021-04-25,Medina,Retail,0
CUST_01578,2022-03-28,Dammam,Retail,0
CUST_01579,2021-09-03,Dammam,Retail,0
CUST_01580,2020-03-03,Mecca,Retail,0
CUST_01581,2021-11-03,Dammam,VIP,0
CUST_01582,2020-10-20,Mecca,Retail,0
CUST_01583,2022-05-21,Dammam,Retail,0
CUST_01584,2020-10-08,Dammam,Retail,0
CUST_01585,2020-06-27,Medina,Retail,0
CUST_01586,2021-01-13,Jeddah,Retail,1
CUST_01587,2021-05-11,Jeddah,Retail,1
CUST_01588,2020-12-17,Riyadh,Corporate,0
CUST_01589,2022-04-21,Jeddah,VIP,1
CUST_01590,2021-02-26,Mecca,Retail,0
CUST_01591,2021-10-14,Jeddah,Retail,1
CUST_01592,2020-12-19,Riyadh,Retail,1
CUST_01593,2020-04-28,Riyadh,Retail,0
CUST_01594,2020-11-04,Mecca,Retail,1
CUST_01595,2021-06-29,Jeddah,Retail,1
CUST_01596,2021-04-30,Dammam,Retail,1
CUST_01597,2020-01-13,Dammam,Corporate,0
CUST_01598,2021-11-25,Dammam,Corporate,0
CUST_01599,2020-02-12,Riyadh,Corporate,0
CUST_01600,2022-05-14,Mecca,Retail,0
CUST_01601,2020-10-06,Dammam,Retail,1
CUST_01602,2020-09-18,Medina,Retail,1
CUST_01603,2022-02-06,Jeddah,Retail,0
CUST_01604,2020-07-18,Medina,Retail,0
CUST_01605,2020-07-03,Dammam,Retail,0
CUST_01606,2022-05-01,Riyadh,Retail,0
CUST_01607,2020-04-16,Mecca,Retail,1
CUST_01608,2020-09-14,Jeddah,Retail,0
CUST_01609,2020-02-28,Medina,Retail,1
CUST_01610,2021-09-05,Riyadh,Retail,0
CUST_01611,2022-05-26,Medina,Retail,0
CUST_01612,2021-10-25,Medina,VIP,0
CUST_01613,2020-04-23,Jeddah,Retail,0
CUST_01614,2020-03-18,Mecca,Corporate,0
CUST_01615,2021-03-13,Dammam,Retail,1
CUST_01616,2020-10-10,Riyadh,Retail,0
CUST_01617,2020-03-02,Dammam,Corporate,0
CUST_01618,2021-03-27,Riyadh,Retail,2
CUST_01619,2021-09-16,Mecca,Retail,0
CUST_01620,2020-05-27,Medina,Retail,0
CUST_01621,2021-10-20,Riyadh,Corporate,1
CUST_01622,2020-04-15,Riyadh,Retail,0
CUST_01623,2020-09-13,Mecca,Retail,0
CUST_01624,2021-10-30,Riyadh,Corporate,0
CUST_01625,2020-09-29,Jeddah,Retail,2
CUST_01626,2021-08-11,Riyadh,Retail,2
CUST_01627,2021-05-17,Mecca,Retail,1
CUST_01628,2022-03-10,Riyadh,Retail,0
CUST_01629,2021-12-06,Mecca,Retail,0
CUST_01630,2021-01-02,Dammam,Retail,0
CUST_01631,2021-10-09,Riyadh,Retail,1
CUST_01632,2020-12-14,Riyadh,VIP,1
CUST_01633,2020-10-23,Jeddah,Retail,0
CUST_01634,2021-01-28,Jeddah,Retail,0
CUST_01635,2020-04-19,Dammam,Retail,1
CUST_01636,2021-03-24,Jeddah,Retail,0
CUST_01637,2022-01-07,Medina,Retail,0
CUST_01638,2022-03-22,Medina,Retail,0
CUST_01639,2022-05-04,Mecca,Corporate,0
CUST_01640,2020-12-13,Riyadh,Retail,1
CUST_01641,2021-02-19,Riyadh,Retail,0
CUST_01642,2021-06-19,Mecca,Corporate,1
CUST_01643,2021-07-03,Jeddah,Retail,0
CUST_01644,2020-03-14,Riyadh,Retail,0
CUST_01645,2020-01-20,Mecca,Corporate,0
CUST_01646,2020-09-05,Jeddah,Retail,0
CUST_01647,2020-11-10,Riyadh,Retail,0
CUST_01648,2021-08-28,Riyadh,VIP,0
CUST_01649,2021-05-24,Medina,Retail,0
CUST_01650,2022-04-03,Jeddah,Retail,1
CUST_01651,2022-01-25,Mecca,Retail,3
CUST_01652,2021-08-12,Medina,Retail,1
CUST_01653,2022-03-23,Jeddah,Retail,0
CUST_01654,2020-12-09,Riyadh,Retail,0
CUST_01655,2021-03-01,Jeddah,Retail,0
CUST_01656,2021-03-25,Jeddah,Corporate,0
CUST_01657,2020-04-12,Medina,Retail,0
CUST_01658,2022-06-19,Mecca,Retail,0
CUST_01659,2020-04-01,Medina,VIP,0
CUST_01660,2022-04-06,Mecca,Retail,0
CUST_01661,2021-10-17,Dammam,Retail,0
CUST_01662,2020-06-27,Medina,Retail,0
CUST_01663,2022-01-04,Mecca,Retail,0
CUST_01664,2022-04-26,Dammam,Retail,0
CUST_01665,2020-08-29,Jeddah,Retail,0
CUST_01666,2020-04-07,Medina,Retail,1
CUST_01667,2021-07-06,Medina,Retail,1
CUST_01668,2021-11-06,Jeddah,Retail,0
CUST_01669,2022-03-26,Jeddah,Retail,2
CUST_01670,2021-04-30,Mecca,Retail,0
CUST_01671,2020-02-14,Riyadh,Retail,0
CUST_01672,2021-03-21,Dammam,Retail,1
CUST_01673,2022-02-15,Mecca,Retail,1
CUST_01674,2021-07-04,Jeddah,Retail,0
CUST_01675,2021-06-11,Riyadh,Retail,0
CUST_01676,2021-03-31,Medina,Retail,0
CUST_01677,2022-02-04,Dammam,Retail,0
CUST_01678,2020-08-21,Riyadh,Retail,0
CUST_01679,2020-07-23,Mecca,VIP,0
CUST_01680,2021-08-22,Mecca,Retail,0
CUST_01681,2020-08-09,Medina,Retail,0
CUST_01682,2020-05-19,Mecca,Retail,0
CUST_01683,2020-10-03,Jeddah,Retail,0
CUST_01684,2021-08-05,Riyadh,Retail,0
CUST_01685,2021-04-21,Mecca,Retail,1
CUST_01686,2020-08-13,Dammam,Retail,1
CUST_01687,2021-10-15,Medina,Corporate,0
CUST_01688,2021-07-20,Jeddah,Retail,1
CUST_01689,2021-05-15,Jeddah,Retail,1
CUST_01690,2020-10-12,Riyadh,Retail,1
CUST_01691,2020-09-09,Jeddah,Retail,0
CUST_01692,2021-08-28,Jeddah,Corporate,1
CUST_01693,2021-03-03,Riyadh,Retail,0
CUST_01694,2022-02-26,Medina,Retail,0
CUST_01695,2021-05-05,Riyadh,Retail,0
CUST_01696,2021-07-25,Riyadh,Retail,0
CUST_01697,2020-08-11,Jeddah,Retail,0
CUST_01698,2020-04-02,Riyadh,Retail,0
CUST_01699,2021-12-21,Mecca,VIP,1
CUST_01700,2020-01-25,Mecca,Retail,0
CUST_01701,2021-12-21,Mecca,Retail,1
CUST_01702,2021-10-03,Mecca,Retail,0
CUST_01703,2021-10-04,Riyadh,Retail,0
CUST_01704,2021-06-27,Riyadh,Retail,1
CUST_01705,2021-12-15,Medina,Retail,1
CUST_01706,2022-03-17,Riyadh,Retail,0
CUST_01707,2020-02-26,Medina,Corporate,0
CUST_01708,2020-02-22,Riyadh,Retail,0
CUST_01709,2020-02-11,Dammam,Retail,0
CUST_01710,2021-12-22,Riyadh,Retail,1
CUST_01711,2020-05-21,Dammam,Retail,0
CUST_01712,2021-05-04,Medina,VIP,1
CUST_01713,2022-02-10,Jeddah,Retail,1
CUST_01714,2021-05-30,Mecca,Retail,0
CUST_01715,2020-12-19,Mecca,Retail,0
CUST_01716,2020-05-05,Mecca,Retail,0
CUST_01717,2021-06-29,Dammam,Retail,0
CUST_01718,2021-11-20,Riyadh,Retail,1
CUST_01719,2020-03-30,Riyadh,Retail,0
CUST_01720,2020-03-19,Riyadh,Retail,0
CUST_01721,2020-05-31,Mecca,Retail,0
CUST_01722,2021-10-04,Riyadh,Retail,2
CUST_01723,2021-07-08,Jeddah,Retail,0
CUST_01724,2022-01-25,Riyadh,Retail,0
CUST_01725,2022-06-11,Jeddah,VIP,0
CUST_01726,2020-12-09,Mecca,Retail,0
CUST_01727,2022-03-16,Dammam,Retail,0
CUST_01728,2021-06-26,Medina,Retail,0
CUST_01729,2020-05-15,Dammam,Retail,0
CUST_01730,2021-05-10,Dammam,Corporate,1
CUST_01731,2020-02-18,Jeddah,Retail,0
CUST_01732,2020-06-19,Medina,Corporate,1
CUST_01733,2020-10-19,Jeddah,Corporate,1
CUST_01734,2021-12-10,Jeddah,Retail,0
CUST_01735,2020-11-20,Medina,Retail,0
CUST_01736,2020-07-07,Jeddah,Retail,0
CUST_01737,2020-11-20,Dammam,Retail,0
CUST_01738,2020-06-15,Medina,Retail,2
CUST_01739,2021-02-18,Mecca,Retail,2
CUST_01740,2020-11-23,Jeddah,Retail,1
CUST_01741,2021-06-03,Dammam,Retail,0
CUST_01742,2020-10-23,Medina,Retail,1
CUST_01743,2022-01-16,Mecca,Retail,0
CUST_01744,2021-05-05,Riyadh,Retail,0
CUST_01745,2020-11-11,Riyadh,Retail,1
CUST_01746,2021-04-01,Dammam,Retail,0
CUST_01747,2021-10-18,Jeddah,Retail,0
CUST_01748,2022-02-24,Dammam,Retail,0
CUST_01749,2022-05-19,Mecca,Retail,2
CUST_01750,2021-06-08,Mecca,Retail,0
CUST_01751,2021-09-11,Medina,Corporate,2
CUST_01752,2021-01-04,Mecca,Retail,1
CUST_01753,2021-01-13,Mecca,Retail,0
CUST_01754,2020-12-25,Dammam,Corporate,1
CUST_01755,2020-03-30,Jeddah,Retail,0
CUST_01756,2021-03-01,Mecca,Retail,1
CUST_01757,2021-03-10,Mecca,Retail,0
CUST_01758,2020-03-29,Jeddah,Retail,0
CUST_01759,2022-06-07,Medina,Corporate,0
CUST_01760,2021-08-27,Mecca,Retail,0
CUST_01761,2020-10-06,Mecca,Retail,0
CUST_01762,2021-08-04,Jeddah,Retail,1
CUST_01763,2020-10-23,Medina,Retail,1
CUST_01764,2020-11-05,Medina,Retail,0
CUST_01765,2021-04-19,Jeddah,Retail,0
CUST_01766,2020-09-25,Dammam,Corporate,1
CUST_01767,2021-04-28,Riyadh,Retail,1
CUST_01768,2021-03-03,Jeddah,Retail,0
CUST_01769,2020-09-07,Riyadh,Retail,0
CUST_01770,2020-03-09,Medina,Retail,0
CUST_01771,2021-08-02,Mecca,VIP,0
CUST_01772,2021-05-02,Riyadh,Retail,1
CUST_01773,2020-01-18,Dammam,Retail,0
CUST_01774,2020-11-23,Mecca,VIP,0
CUST_01775,2020-06-16,Riyadh,Retail,0
CUST_01776,2020-12-30,Riyadh,Retail,0
CUST_01777,2020-03-19,Medina,Retail,0
CUST_01778,2022-02-22,Riyadh,Retail,0
CUST_01779,2020-11-26,Dammam,VIP,0
CUST_01780,2020-11-04,Dammam,Retail,0
CUST_01781,2020-04-08,Medina,Retail,1
CUST_01782,2020-01-14,Jeddah,Retail,0
CUST_01783,2021-05-11,Mecca,Retail,2
CUST_01784,2020-04-14,Jeddah,Retail,0
CUST_01785,2020-07-11,Medina,Retail,1
CUST_01786,2021-06-22,Medina,Retail,1
CUST_01787,2022-04-01,Riyadh,Retail,2
CUST_01788,2020-04-29,Jeddah,Corporate,0
CUST_01789,2020-11-15,Dammam,Retail,0
CUST_01790,2021-09-03,Medina,Retail,0
CUST_01791,2021-12-27,Dammam,Retail,1
CUST_01792,2020-08-15,Jeddah,VIP,0
CUST_01793,2020-08-20,Dammam,Retail,0
CUST_01794,2020-03-21,Mecca,Retail,1
CUST_01795,2020-03-20,Riyadh,Retail,1
CUST_01796,2020-02-13,Jeddah,Retail,1
CUST_01797,2021-06-09,Medina,Retail,0
CUST_01798,2020-09-16,Riyadh,Retail,0
CUST_01799,2022-02-11,Riyadh,Retail,2
CUST_01800,2020-07-29,Medina,Corporate,0
CUST_01801,2020-12-25,Riyadh,Retail,1
CUST_01802,2020-10-11,Medina,Retail,0
CUST_01803,2021-05-27,Medina,Retail,0
CUST_01804,2020-04-11,Medina,Retail,0
CUST_01805,2022-01-02,Jeddah,Corporate,0
CUST_01806,2022-02-11,Medina,Retail,1
CUST_01807,2020-08-07,Medina,VIP,0
CUST_01808,2021-12-15,Medina,Retail,0
CUST_01809,2020-04-19,Jeddah,VIP,3
CUST_01810,2021-03-10,Jeddah,Retail,0
CUST_01811,2022-02-18,Dammam,Retail,0
CUST_01812,2020-05-19,Mecca,Retail,1
CUST_01813,2021-07-24,Riyadh,Retail,0
CUST_01814,2021-01-29,Dammam,Retail,1
CUST_01815,2021-12-04,Mecca,Retail,0
CUST_01816,2022-05-25,Mecca,Retail,0
CUST_01817,2022-05-11,Mecca,Corporate,0
CUST_01818,2020-01-14,Mecca,Retail,0
CUST_01819,2021-06-19,Riyadh,Retail,0
CUST_01820,2021-12-12,Medina,Corporate,1
CUST_01821,2020-06-21,Riyadh,Retail,0
CUST_01822,2020-07-24,Medina,VIP,0
CUST_01823,2020-08-26,Mecca,Retail,0
CUST_01824,2021-12-31,Medina,Retail,1
CUST_01825,2022-03-31,Mecca,Retail,0
CUST_01826,2021-02-18,Mecca,Retail,0
CUST_01827,2021-04-10,Riyadh,Retail,0
CUST_01828,2020-08-24,Jeddah,Retail,1
CUST_01829,2022-04-30,Riyadh,Retail,0
CUST_01830,2020-07-02,Mecca,Retail,0
CUST_01831,2020-11-06,Medina,Retail,1
CUST_01832,2021-11-07,Medina,Retail,1
CUST_01833,2020-07-25,Dammam,Retail,0
CUST_01834,2020-09-24,Medina,Retail,1
CUST_01835,2021-07-13,Riyadh,Corporate,0
CUST_01836,2021-03-16,Riyadh,Retail,0
CUST_01837,2021-01-20,Mecca,Retail,0
CUST_01838,2021-07-24,Dammam,VIP,0
CUST_01839,2021-03-17,Jeddah,Retail,0
CUST_01840,2022-02-21,Riyadh,Retail,0
CUST_01841,2021-07-21,Medina,Retail,0
CUST_01842,2022-05-24,Jeddah,Retail,0
CUST_01843,2021-05-21,Medina,Corporate,0
CUST_01844,2020-12-27,Dammam,Retail,0
CUST_01845,2020-02-16,Jeddah,VIP,0
CUST_01846,2022-01-29,Medina,Retail,1
CUST_01847,2020-12-15,Mecca,Retail,0
CUST_01848,2020-12-31,Mecca,Retail,0
CUST_01849,2020-09-10,Jeddah,Retail,0
CUST_01850,2021-12-05,Riyadh,VIP,0
CUST_01851,2020-06-22,Riyadh,Retail,0
CUST_01852,2021-11-04,Mecca,Retail,2
CUST_01853,2020-09-30,Riyadh,Retail,0
CUST_01854,2020-11-20,Mecca,Retail,0
CUST_01855,2020-04-10,Mecca,Retail,0
CUST_01856,2020-12-10,Mecca,Retail,1
CUST_01857,2020-12-13,Jeddah,Retail,0
CUST_01858,2021-03-22,Jeddah,Retail,1
CUST_01859,2022-03-17,Riyadh,VIP,0
CUST_01860,2020-10-21,Dammam,Retail,3
CUST_01861,2021-02-15,Jeddah,Retail,2
CUST_01862,2022-01-04,Medina,Retail,0
CUST_01863,2020-03-09,Medina,VIP,0
CUST_01864,2020-08-02,Dammam,Retail,0
CUST_01865,2020-11-05,Medina,VIP,0
CUST_01866,2021-07-06,Dammam,Retail,0
CUST_01867,2021-10-01,Medina,Retail,1
CUST_01868,2020-07-03,Riyadh,Retail,0
CUST_01869,2020-07-10,Medina,Retail,0
CUST_01870,2022-04-23,Mecca,Retail,0
CUST_01871,2022-04-08,Medina,VIP,2
CUST_01872,2021-08-02,Riyadh,Retail,0
CUST_01873,2020-05-31,Jeddah,Retail,0
CUST_01874,2020-11-03,Mecca,Retail,1
CUST_01875,2020-03-06,Jeddah,VIP,0
CUST_01876,2020-10-20,Jeddah,Retail,0
CUST_01877,2021-02-19,Jeddah,Retail,0
CUST_01878,2020-09-08,Dammam,Retail,0
CUST_01879,2021-03-22,Mecca,Retail,0
CUST_01880,2020-06-12,Dammam,Retail,0
CUST_01881,2022-04-02,Dammam,Retail,0
CUST_01882,2022-05-22,Riyadh,Corporate,0
CUST_01883,2020-01-21,Riyadh,VIP,0
CUST_01884,2021-09-08,Dammam,VIP,2
CUST_01885,2021-02-20,Dammam,Retail,1
CUST_01886,2021-02-10,Jeddah,Retail,0
CUST_01887,2021-05-27,Riyadh,Retail,1
CUST_01888,2022-03-04,Medina,Retail,1
CUST_01889,2020-08-31,Medina,Retail,1
CUST_01890,2020-12-03,Medina,Retail,1
CUST_01891,2022-01-31,Jeddah,Corporate,0
CUST_01892,2020-04-19,Jeddah,Retail,0
CUST_01893,2021-02-22,Dammam,VIP,0
CUST_01894,2021-06-30,Dammam,Retail,0
CUST_01895,2021-07-12,Mecca,Retail,0
CUST_01896,2020-10-11,Jeddah,Retail,1
CUST_01897,2022-04-21,Dammam,Retail,2
CUST_01898,2021-09-12,Riyadh,VIP,0
CUST_01899,2020-02-25,Jeddah,Retail,0
CUST_01900,2021-10-16,Dammam,Corporate,0
CUST_01901,2021-07-01,Jeddah,VIP,0
CUST_01902,2021-02-06,Dammam,Retail,2
CUST_01903,2022-02-13,Jeddah,Retail,1
CUST_01904,2020-06-13,Mecca,Retail,1
CUST_01905,2022-02-24,Mecca,Retail,0
CUST_01906,2020-03-23,Mecca,Retail,0
CUST_01907,2022-05-11,Dammam,Retail,1
CUST_01908,2022-04-19,Riyadh,VIP,0
CUST_01909,2021-06-02,Riyadh,Retail,0
CUST_01910,2022-04-12,Medina,Retail,0
CUST_01911,2020-01-29,Riyadh,Retail,0
CUST_01912,2021-03-30,Jeddah,Retail,0
CUST_01913,2020-11-08,Dammam,Retail,0
CUST_01914,2020-09-12,Medina,Retail,1
CUST_01915,2021-10-26,Jeddah,VIP,0
CUST_01916,2022-03-22,Dammam,Retail,1
CUST_01917,2020-05-16,Dammam,Retail,0
CUST_01918,2020-12-01,Dammam,Retail,0
CUST_01919,2020-07-05,Mecca,VIP,2
CUST_01920,2021-08-07,Jeddah,Retail,0
CUST_01921,2021-07-25,Medina,Retail,2
CUST_01922,2021-04-18,Jeddah,Retail,1
CUST_01923,2020-02-20,Mecca,Retail,0
CUST_01924,2020-06-01,Riyadh,Corporate,0
CUST_01925,2021-08-03,Riyadh,Retail,0
CUST_01926,2022-03-02,Mecca,VIP,0
CUST_01927,2020-08-17,Jeddah,Retail,1
CUST_01928,2022-03-11,Dammam,Retail,0
CUST_01929,2020-05-13,Mecca,VIP,0
CUST_01930,2022-04-23,Dammam,Retail,0
CUST_01931,2020-07-03,Mecca,Retail,0
CUST_01932,2020-09-25,Jeddah,Retail,2
CUST_01933,2021-01-13,Medina,Retail,0
CUST_01934,2020-01-11,Mecca,Retail,0
CUST_01935,2021-12-10,Mecca,Retail,1
CUST_01936,2021-12-26,Mecca,Retail,0
CUST_01937,2020-04-07,Medina,Retail,0
CUST_01938,2020-08-28,Mecca,Corporate,3
CUST_01939,2021-11-17,Medina,Retail,1
CUST_01940,2020-01-06,Dammam,Retail,0
CUST_01941,2021-02-08,Dammam,Retail,1
CUST_01942,2020-02-12,Medina,Retail,0
CUST_01943,2021-05-19,Dammam,VIP,0
CUST_01944,2020-11-20,Medina,Retail,0
CUST_01945,2020-11-16,Riyadh,Corporate,0
CUST_01946,2022-05-04,Dammam,Retail,2
CUST_01947,2020-10-16,Dammam,Retail,1
CUST_01948,2020-09-27,Medina,Retail,1
CUST_01949,2020-11-19,Mecca,Retail,0
CUST_01950,2022-05-23,Mecca,Retail,0
CUST_01951,2020-08-23,Jeddah,Retail,0
CUST_01952,2021-12-23,Mecca,Retail,3
CUST_01953,2021-05-21,Riyadh,Retail,3
CUST_01954,2021-07-28,Mecca,Retail,0
CUST_01955,2022-01-07,Jeddah,Retail,0
CUST_01956,2022-06-08,Dammam,Retail,0
CUST_01957,2021-06-04,Dammam,Retail,0
CUST_01958,2020-08-05,Medina,Corporate,0
CUST_01959,2022-02-24,Medina,Retail,2
CUST_01960,2020-09-09,Mecca,Retail,1
CUST_01961,2020-01-27,Dammam,Retail,0
CUST_01962,2021-02-07,Dammam,Retail,2
CUST_01963,2022-05-07,Dammam,Retail,0
CUST_01964,2022-04-30,Mecca,Retail,2
CUST_01965,2021-08-31,Riyadh,Retail,0
CUST_01966,2021-09-29,Mecca,Retail,1
CUST_01967,2022-01-21,Medina,Retail,1
CUST_01968,2022-03-31,Dammam,Retail,0
CUST_01969,2020-03-13,Medina,Corporate,0
CUST_01970,2021-02-12,Dammam,Retail,2
CUST_01971,2022-06-05,Mecca,Retail,1
CUST_01972,2020-06-15,Mecca,Retail,0
CUST_01973,2022-02-09,Jeddah,Retail,0
CUST_01974,2021-03-18,Dammam,Corporate,0
CUST_01975,2021-01-02,Riyadh,VIP,0
CUST_01976,2021-05-16,Mecca,VIP,0
CUST_01977,2021-07-30,Medina,Retail,1
CUST_01978,2022-04-10,Dammam,Retail,0
CUST_01979,2021-03-12,Riyadh,Retail,0
CUST_01980,2021-04-19,Jeddah,Retail,1
CUST_01981,2021-05-22,Medina,Retail,0
CUST_01982,2020-10-24,Mecca,Retail,2
CUST_01983,2021-05-04,Dammam,Retail,0
CUST_01984,2020-11-03,Jeddah,Retail,0
CUST_01985,2020-02-18,Medina,Retail,0
CUST_01986,2020-04-20,Medina,Retail,0
CUST_01987,2021-11-07,Medina,VIP,0
CUST_01988,2021-08-22,Riyadh,Retail,0
CUST_01989,2022-01-28,Mecca,Retail,0
CUST_01990,2021-02-06,Riyadh,Retail,1
CUST_01991,2020-10-31,Dammam,Retail,0
CUST_01992,2021-11-17,Mecca,Retail,0
CUST_01993,2022-06-11,Jeddah,Retail,0
CUST_01994,2021-09-10,Dammam,VIP,0
CUST_01995,2021-07-01,Riyadh,Retail,0
CUST_01996,2020-06-24,Mecca,Retail,0
CUST_01997,2021-11-04,Medina,Retail,0
CUST_01998,2022-04-12,Medina,Retail,0
CUST_01999,2021-12-07,Mecca,VIP,0
