date,visit,add_to_cart,checkout,purchase
2025-09-13,634,48,25,18
2025-09-12,11292,1883,419,281
2025-09-11,240,53,16,11
2025-09-10,5040,1088,257,166
2025-09-09,6464,1335,684,416
2025-09-08,3151,588,330,232
2025-09-07,16046,1260,388,348
2025-09-06,6549,629,146,93
2025-09-05,2496,219,130,109
2025-09-04,3934,482,273,207
2025-09-03,11645,2042,1143,985
2025-09-02,2670,525,201,105
2025-09-01,18106,2912,1643,1146
2025-08-31,7930,811,405,272
2025-08-30,12424,1174,657,398
2025-08-29,5859,1111,422,307
2025-08-28,1961,380,131,113
2025-08-27,15355,3739,1165,895
2025-08-26,18408,2498,1231,962
2025-08-25,15753,2300,980,501
2025-08-24,11188,1139,373,219
2025-08-23,2920,424,88,48
2025-08-22,15373,3551,2106,1135
2025-08-21,15200,2787,1184,1018
2025-08-20,16323,3186,1325,903
2025-08-19,5263,1070,359,186
2025-08-18,6902,453,121,70
2025-08-17,9484,1447,721,427
2025-08-16,14003,1138,331,215
2025-08-15,3894,622,176,98
2025-08-14,7257,1216,339,189
2025-08-13,11393,1336,453,254
2025-08-12,19616,4382,2350,2056
2025-08-11,11288,1913,1122,868
2025-08-10,1349,163,38,30
2025-08-09,11182,653,257,208
2025-08-08,16007,3319,881,772
2025-08-07,1824,358,154,111
2025-08-06,16742,2324,1290,954
2025-08-05,11125,664,376,221
2025-08-04,18128,3934,1749,945
2025-08-03,7450,564,119,78
2025-08-02,18638,2405,664,462
2025-08-01,18659,4505,2453,2198
2025-07-31,13371,2224,446,246
2025-07-30,16660,1033,400,239
2025-07-29,9596,2087,1078,724
2025-07-28,12575,2155,981,534
2025-07-27,5323,496,213,127
2025-07-26,19242,3776,1717,1359
2025-07-25,16737,3926,882,535
2025-07-24,13415,676,268,195
2025-07-23,2857,645,364,267
2025-07-22,7267,843,402,307
2025-07-21,2169,185,101,88
2025-07-20,1981,412,223,163
2025-07-19,18774,2778,1506,950
2025-07-18,1729,123,70,42
2025-07-17,319,22,12,9
2025-07-16,14271,2102,1083,924
2025-07-15,4699,879,195,121
2025-07-14,10736,960,484,427
2025-07-13,5695,1132,419,321
2025-07-12,15894,1900,784,582
2025-07-11,4310,763,207,169
2025-07-10,10360,898,383,232
2025-07-09,17111,1999,895,488
2025-07-08,9849,2130,700,570
2025-07-07,11285,1138,427,251
2025-07-06,18270,4339,1287,651
2025-07-05,14156,1044,283,194
2025-07-04,4857,532,186,160
2025-07-03,2807,177,58,48
2025-07-02,14919,1104,455,377
2025-07-01,6972,550,277,237
2025-06-30,3863,258,90,61
2025-06-29,10573,971,206,180
2025-06-28,16150,990,338,268
2025-06-27,3572,375,198,167
2025-06-26,4987,1013,540,354
2025-06-25,18900,1417,573,349
2025-06-24,9195,474,277,154
2025-06-23,17640,1676,505,451
2025-06-22,1551,265,81,41
2025-06-21,16846,3543,1125,915
2025-06-20,19815,2845,1355,934
2025-06-19,9905,771,231,136
2025-06-18,7062,1724,484,311
2025-06-17,6143,411,110,75
2025-06-16,2913,666,326,203
2025-06-15,11094,1372,512,392
2025-06-14,4416,880,340,294
2025-06-13,5168,891,322,247
2025-06-12,13987,2345,1341,820
2025-06-11,13892,936,515,339
2025-06-10,18142,2545,1235,866
2025-06-09,2045,295,136,114
2025-06-08,5096,1251,499,343
2025-06-07,8911,1844,942,615
2025-06-06,17644,3271,1809,1564
2025-06-05,15336,1013,331,265
2025-06-04,6512,959,264,143
2025-06-03,9304,1970,476,374
2025-06-02,13576,1923,558,455
2025-06-01,4977,369,153,104
2025-05-31,11643,1896,696,410
2025-05-30,9924,1815,593,341
2025-05-29,3627,528,224,201
2025-05-28,2875,703,260,232
2025-05-27,15315,3489,1170,761
2025-05-26,3745,434,213,137
2025-05-25,3626,452,201,110
2025-05-24,8751,1759,745,427
2025-05-23,9210,713,298,156
2025-05-22,14543,2259,833,458
2025-05-21,5246,523,172,101
2025-05-20,9287,1813,471,277
2025-05-19,5308,1020,374,267
2025-05-18,19396,3528,1408,796
2025-05-17,18813,4401,1997,1786
2025-05-16,1894,325,167,150
2025-05-15,19787,2103,720,467
2025-05-14,16807,4076,1214,733
2025-05-13,5187,1023,222,189
2025-05-12,3462,585,274,204
2025-05-11,12171,787,300,152
2025-05-10,3757,555,188,115
2025-05-09,16665,2783,1187,940
2025-05-08,1971,245,116,96
2025-05-07,4336,1017,378,191
2025-05-06,13858,2232,1220,721
2025-05-05,9491,2267,470,329
2025-05-04,10857,1780,534,344
2025-05-03,4720,1002,227,192
2025-05-02,4999,538,239,155
2025-05-01,13090,1506,470,287
2025-04-30,19778,4577,2578,1871
2025-04-29,15571,2916,836,663
2025-04-28,351,78,24,15
2025-04-27,2143,415,222,179
2025-04-26,12053,2245,568,493
2025-04-25,3536,764,393,323
2025-04-24,16097,1163,641,326
2025-04-23,5473,277,85,43
2025-04-22,18661,4612,2065,1097
2025-04-21,14965,2958,1642,1082
2025-04-20,18635,1783,568,399
2025-04-19,3697,705,147,82
2025-04-18,3060,672,205,104
2025-04-17,19525,1312,426,304
2025-04-16,13340,1972,547,320
2025-04-15,19903,3737,2095,1049
2025-04-14,9774,1687,686,430
2025-04-13,7972,692,268,156
2025-04-12,2484,520,225,125
2025-04-11,16771,3543,1620,1129
2025-04-10,4689,531,196,160
2025-04-09,15645,1870,867,574
2025-04-08,8384,1152,504,352
2025-04-07,19603,2907,973,617
2025-04-06,4477,313,120,96
2025-04-05,19980,4332,2391,1592
2025-04-04,8940,1718,938,593
2025-04-03,18444,4324,2342,1525
2025-04-02,10367,1954,620,553
2025-04-01,1588,182,51,34
2025-03-31,9066,1473,326,241
2025-03-30,11223,2141,1081,847
2025-03-29,3891,890,205,147
2025-03-28,17705,4160,2186,1239
2025-03-27,18912,3529,1201,897
2025-03-26,10274,1437,402,231
2025-03-25,4352,974,516,336
2025-03-24,19494,2432,1418,1195
2025-03-23,16880,1084,446,359
2025-03-22,339,29,8,6
2025-03-21,3765,771,211,172
2025-03-20,10989,2366,1062,741
2025-03-19,16439,1974,627,470
2025-03-18,16400,2195,710,371
2025-03-17,5222,817,322,255
2025-03-16,13805,2880,1641,977
2025-03-15,3159,526,288,185
2025-03-14,9032,2071,808,585
2025-03-13,11289,1382,655,354
2025-03-12,17914,3148,839,747
2025-03-11,1810,394,102,83
2025-03-10,15009,2947,1479,1000
2025-03-09,9700,2198,472,294
2025-03-08,1717,268,101,60
2025-03-07,9732,1600,733,561
2025-03-06,15994,3044,1767,1456
2025-03-05,15904,3009,1038,740
2025-03-04,19440,1969,544,487
2025-03-03,545,66,14,7
2025-03-02,19669,4096,1256,737
2025-03-01,11210,1900,945,780
2025-02-28,16223,1905,979,793
2025-02-27,8837,1704,468,273
2025-02-26,14528,751,448,349
